Dataset {
    Grid {
     ARRAY:
        Float64 lon[Y = 58][X = 138];
     MAPS:
        Int32 Y[Y = 58];
        Int32 X[X = 138];
    } lon;
    Grid {
     ARRAY:
        Float64 lat[Y = 58][X = 138];
     MAPS:
        Int32 Y[Y = 58];
        Int32 X[X = 138];
    } lat;
} fou-hi/norkystv3_800m_m00_be;
---------------------------------------------
lon.lon[58][138]
[0], 8.699972345336699, 8.814991005351349, 8.930855307670678, 9.04757365457321, 9.16515454430709, 9.28360657212626, 9.402938431330531, 9.523158914308953, 9.64427691358624, 9.766301422871852, 9.88924153811097, 10.013106458537214, 10.137905487726297, 10.263648034650382, 10.39034361473211, 10.518001850898187, 10.646632474631494, 10.776245327021252, 10.906850359810294, 11.038457636439176, 11.171077333085778, 11.304719739699737, 11.439395261031125, 11.57511441765203, 11.711887846970455, 11.849726304235283, 11.988640663531118, 12.12864191876261, 12.269741184626028, 12.411949697567842, 12.555278816728542, 12.6997400248704, 12.84534492928798, 12.992105262699805, 13.140032884119671, 13.28913977970623, 13.439438063588799, 13.590939978668118, 13.74365789739001, 13.89760432249017, 14.052791887708036, 14.209233358467827, 14.366941632524709, 14.52592974057363, 14.68621084681882, 14.847798249501373, 15.01070538138265, 15.174945810180617, 15.340533238956938, 15.507481506451443, 15.675804587361572, 15.845516592563607, 16.016631769272728, 16.189164501138286, 16.363129308271454, 16.538540847201542, 16.715413910757437, 16.893763427870212, 17.073604463293698, 17.254952217238152, 17.437822024913665, 17.622229355978757, 17.808189813889516, 17.995719135145173, 18.18483318842508, 18.37554797361247, 18.56787962069962, 18.76184438856986, 18.957458663650282, 19.15473895843055, 19.35370190984145, 19.554364277487554, 19.756742941728334, 19.960854901601095, 20.166717272579454, 20.374347284161434, 20.583762277279618, 20.794979701527133, 21.00801711219222, 21.222892167094297, 21.439622623213886, 21.658226333109223, 21.87872124111161, 22.1011253792917, 22.325456863188553, 22.55173388729367, 22.779974720281064, 23.01019769997544, 23.242421228049444, 23.476663764441383, 23.71294382148459, 23.95127995773919, 24.191690771517365, 24.434194894092748, 24.678810982584654, 24.925557712507953, 25.17445376997874, 25.425517843566844, 25.6787686157851, 25.934224754206483, 26.191904902199063, 26.451827669269573, 26.714011621006303, 26.978475268611838, 27.245237058016222, 27.514315358562232, 27.785728451252854, 28.059494516553293, 28.33563162173826, 28.61415770777695, 28.895090575747478, 29.178447872773678, 29.46424707747681, 29.752505484935778, 30.043240191149632, 30.336468076996926, 30.632205791686744, 30.930469735697113, 31.23127604319753, 31.534640563952138, 31.840578844702144, 32.14910611002608, 32.46023724267796, 32.77398676340374, 33.09036881023901, 33.40939711729015, 33.731084993003904, 34.055445297931, 34.38249042199098, 34.71223226124674, 35.0446821941992, 35.37985105761362, 35.717749121891195, 36.05838606600132, 36.40177095199139, 36.74791219909335, 37.096817557448254, 37.448494081471544
[1], 8.490234885401122, 8.604713616023275, 8.720037422322687, 8.836214751570925, 8.953254148465183, 9.07116425620268, 9.189953817559118, 9.309631675972113, 9.430206776628147, 9.551688167553147, 9.67408500070624, 9.797406533075822, 9.921662127778097, 10.046861255156657, 10.173013493883511, 10.300128532060253, 10.42821616831893, 10.557286312922166, 10.687348988861618, 10.81841433295408, 10.950492596934332, 11.083594148544458, 11.217729472617872, 11.352909172158064, 11.489143969410517, 11.626444706926979, 11.764822348621376, 11.904287980815562, 12.044852813274563, 12.186528180229507, 12.3293255413873, 12.473256482925741, 12.618332718472544, 12.764566090066957, 12.911968569102457, 13.060552257248832, 13.210329387352397, 13.361312324312108, 13.513513565930086, 13.666945743734898, 13.821621623775094, 13.977554107381447, 14.134756231895807, 14.293241171363851, 14.453022237190128, 14.614112878752483, 14.776526683973756, 14.940277379847782, 15.105378832917498, 15.271845049701875, 15.43969017706914, 15.608928502553116, 15.779574454609536, 15.951642602809185, 16.125147657964284, 16.300104472185005, 16.47652803886208, 16.654433492571872, 16.833836108900257, 17.014751304180862, 17.197194635143713, 17.381181798470138, 17.56672863024896, 17.753851105329794, 17.942565336568478, 18.13288757395965, 18.32483420365146, 18.518421746837046, 18.71366685851748, 18.91058632613018, 19.10919706803765, 19.309516131869934, 19.511560692714905, 19.71534805115021, 19.92089563111007, 20.128220977580405, 20.33734175411542, 20.548275740168577, 20.761040828230456, 20.975655020766695, 21.192136426947485, 21.410503259161793, 21.630773829307504, 21.852966544849767, 22.07709990463927, 22.30319249448146, 22.531262982448506, 22.761330113924952, 22.993412706377914, 23.227529643843, 23.463699871116205, 23.70194238764287, 23.942276241093452, 24.184720520617017, 24.429294349762433, 24.67601687905724, 24.924907278234354, 25.175984728096633, 25.429268412009208, 25.68477750700913, 25.942531174523012, 26.20254855068154, 26.46484873622179, 26.72945078596654, 26.99637369787149, 27.265636401629635, 27.537257746824274, 27.811256490620284, 28.08765128498506, 28.3664606634298, 28.647703027262825, 28.931396631346395, 29.217559569349117, 29.506209758486666, 29.7973649237437, 30.091042581570566, 30.38726002304879, 30.68603429652056, 30.9873821896774, 31.291320211104246, 31.597864571276546, 31.907031163007794, 32.218835541347154, 32.5332929029268, 32.850418064760255, 33.17022544249441, 33.492729028118475, 33.81794236713533, 34.14587853520122, 34.476550114242485, 34.809969168058146, 35.14614721742021, 35.48509521468444, 35.826823517926606, 36.17134186462089, 36.51865934487949, 36.86878437427406, 37.22172466626262
[2], 8.27966071658515, 8.393591167077247, 8.508366030263392, 8.62399379733904, 8.740483058376427, 8.857842503436974, 8.976080923689233, 9.095207212532117, 9.215230366723201, 9.33615948751123, 9.458003781772849, 9.58077256315302, 9.704475253208301, 9.829121382552902, 9.95472059200685, 10.081282633745534, 10.208817372450032, 10.337334786457802, 10.466844968913135, 10.597358128915756, 10.728884592668436, 10.861434804621057, 10.995019328611756, 11.129648849003198, 11.265334171813777, 11.402086225842417, 11.539916063786018, 11.678834863348445, 11.818853928340246, 11.959984689767206, 12.102238706907519, 12.245627668375157, 12.390163393169129, 12.535857831706437, 12.682723066837733, 12.83077131484373, 12.98001492641119, 13.13046638758632, 13.28213832070423, 13.435043485292235, 13.589194778945437, 13.744605238172149, 13.901288039207465, 14.059256498792575, 14.218524074917402, 14.379104367524533, 14.541011119171683, 14.7042582156501, 14.868859686556501, 15.034829705815328, 15.202182592148748, 15.370932809491197, 15.541094967345352, 15.712683821076311, 15.8857142721404, 16.06020136824536, 16.236160303437934, 16.413606418115393, 16.59255519895666, 16.773022278769222, 16.955023436247632, 17.1385745956389, 17.32369182631053, 17.51039134221631, 17.698689501255036, 17.888602804517262, 18.080147895414527, 18.273341558686095, 18.46820071927728, 18.664742441083835, 18.86298392555646, 19.062942510159154, 19.26463566667536, 19.468080999355063, 19.67329624289675, 19.880299260256567, 20.08910804027822, 20.29974069513618, 20.512215457584496, 20.72655067800386, 20.942764821238896, 21.160876463217573, 21.3809042873446, 21.602867080660232, 21.82678372975582, 22.05267321643742, 22.280554613128263, 22.510447078000826, 22.74236984982944, 22.976342242553333, 23.212383639540885, 23.450513487545, 23.69075129033932, 23.933116602025663, 24.177629020001806, 24.424308177579547, 24.6731737362424, 24.92424537753242, 25.17754279455532, 25.43308568309336, 25.690893732315107, 25.950986615071486, 26.21338397776713, 26.478105429796592, 26.745170532534697, 27.014598787870582, 27.286409626274732, 27.560622394389423, 27.837256342131848, 28.11633060930069, 28.39786421167626, 28.681876026605554, 28.96838477806263, 29.25740902117707, 29.548967126221413, 29.8430772620513, 30.13975737899061, 30.43902519115643, 30.74089815821757, 31.045393466582592, 31.352528010013206, 31.662318369660422, 31.97478079352154, 32.28993117531669, 32.607785032786154, 32.92835748540911, 33.251663231547084, 33.57771652501653, 33.90653115109556, 34.23812040197296, 34.572497051647844, 34.90967333029068, 35.24966089807837, 35.592470818517725, 35.93811353127369, 36.28659882452091, 36.63793580683934, 36.99213287867688
[3], 8.068250544611628, 8.181624321731995, 8.295841750793887, 8.410911365810149, 8.526841801115575, 8.643641792517835, 8.761320178454962, 8.87988590115901, 8.99934800782586, 9.119715651790292, 9.240998093706176, 9.363204702731343, 9.486344957716735, 9.61042844839895, 9.735464876596449, 9.861464057407776, 9.988435920412256, 10.116390510871998, 10.245337990934464, 10.375288640835393, 10.506252860100682, 10.638241168747195, 10.771264208481035, 10.905332743892808, 11.040457663648892, 11.176649981677667, 11.313920838349826, 11.452281501651548, 11.591743368349796, 11.73231796514803, 11.874016949831692, 12.016852112401729, 12.160835376195118, 12.305978798990829, 12.452294574099891, 12.599795031437782, 12.748492638577838, 12.898400001783957, 13.049529867020373, 13.201895120937493, 13.355508791831028, 13.510384050572897, 13.666534211511923, 13.823972733341522, 13.982713219932798, 14.142769421130165, 14.304155233507284, 14.466884701080545, 14.630972015977587, 14.796431519057853, 14.963277700482402, 15.131525200229733, 15.301188808554816, 15.472283466387555, 15.644824265667621, 15.818826449612036, 15.994305412911565, 16.17127670185236, 16.349756014358807, 16.529759199953183, 16.71130225962826, 16.89440134562802, 17.079072761131926, 17.26533295983841, 17.4531985454417, 17.642686270998, 17.833813038174696, 18.026595896377806, 18.221052041751573, 18.417198816044547, 18.615053705336184, 18.814634338617275, 19.015958486218427, 19.219044058079206, 19.423909101851766, 19.630571800831397, 19.83905047170694, 20.049363562123727, 20.261529648050818, 20.475567430945517, 20.69149573470591, 20.909333502404316, 21.12909979279199, 21.35081377656711, 21.574494732396722, 21.8001620426835, 22.027835189067915, 22.25753374765648, 22.489277383965813, 22.723085847572936, 22.95897896646164, 23.196976641054317, 23.437098837918878, 23.679365583140207, 23.92379695534518, 24.170413078370423, 24.419234113561483, 24.67028025169259, 24.923571704495508, 25.179128695786, 25.43697145217697, 25.697120193366214, 25.959595121988052, 26.22441641301663, 26.49160420271035, 26.761178577085353, 27.03315955990759, 27.307567100191775, 27.584421059196856, 27.863741196907153, 28.145547157988716, 28.429858457211107, 28.716694464324547, 29.00607438838346, 29.298017261507272, 29.592541922070474, 29.889666997313732, 30.189410885369544, 30.491791736695465, 30.796827434909623, 31.104535577023704, 31.41493345306917, 31.728038025114564, 32.043865905671375, 32.36243333548816, 32.68375616073357, 33.0078498095701, 33.33472926812184, 33.6644090558415, 33.996903200282496, 34.33222521128493, 34.67038805458505, 35.01140412486022, 35.35528521822317, 35.70204250418148, 36.05168649708044, 36.40422702704985, 36.75967321047721
[4], 7.856005171871602, 7.968813840974765, 8.082465302090108, 8.196968130903992, 8.312331004862761, 8.428562704362736, 8.545672113947532, 8.663668223512763, 8.782560129517336, 8.9023570362018, 9.023068256812252, 9.144703214830349, 9.267271445208504, 9.390782595609767, 9.515246427652293, 9.640672818157231, 9.767071760400142, 9.89445336536479, 10.022827862999158, 10.152205603472538, 10.282597058433366, 10.414012822266868, 10.546463613351767, 10.679960275315242, 10.814513778285214, 10.950135220139044, 11.086835827747754, 11.224626958214523, 11.36352010010664, 11.503526874679707, 11.64465903709256, 11.78692847761239, 11.930347222807951, 12.07492743672988, 12.220681422076806, 12.367621621345302, 12.51576061796255, 12.66511113739964, 12.815686048264187, 12.967498363369938, 13.120561240781935, 13.274887984834915, 13.430492047123089, 13.587387027458766, 13.745586674798146, 13.905104888131095, 14.06595571733327, 14.228153363977238, 14.391712182100518, 14.556646678927288, 14.722971515541012, 14.890701507504815, 15.059851625426793, 15.230436995466302, 15.40247289977822, 15.575974776891709, 15.750958222019214, 15.92743898729244, 16.105432981920604, 16.284956272267653, 16.466025081842975, 16.648655791202348, 16.832864937753214, 17.01866921546056, 17.2060854744473, 17.39513072048499, 17.58582211436857, 17.778176971170137, 17.97221275936582, 18.167947099829433, 18.36539776468745, 18.56458267602816, 18.76551990445878, 18.968227667503776, 19.172724327837187, 19.37902839134175, 19.58715850498739, 19.797133454521443, 20.00897216196253, 20.222693682890128, 20.43831720352139, 20.655862037566457, 20.875347622853795, 21.09679351771611, 21.32021939712772, 21.545645048584106, 21.773090367713316, 22.00257535360993, 22.234120103880883, 22.467744809393064, 22.703469748712052, 22.941315282220902, 23.181301845908607, 23.42344994481628, 23.667780146130358, 23.914313071911113, 24.163069391444576, 24.414069813206503, 24.667335076426095, 24.922885942237833, 25.180743184409017, 25.44092757963115, 25.703459897362656, 25.96836088921125, 26.23565127784331, 26.505351745408376, 26.777482921466824, 27.05206537040869, 27.329119578351815, 27.608665939508043, 27.890724742005833, 28.175316153158597, 28.462460204167712, 28.752176774250156, 29.044485574181085, 29.33940612924133, 29.636957761561774, 29.937159571856057, 30.24003042053418, 30.545588908190386, 30.853853355459258, 31.16484178223544, 31.478571886252706, 31.795061021019745, 32.11432617311071, 32.43638393881063, 32.761250500115764, 33.08894160009234, 33.41947251759658, 33.75285804136229, 34.0891124434631, 34.42824945215843, 34.770282224134476, 35.11522331615336, 35.46308465612582, 35.81387751362495, 36.16761246986127, 36.52429938714138
[5], 7.642925498794708, 7.755160584968072, 7.868237502647631, 7.9821648680110755, 8.096951400426425, 8.212605923681265, 8.32913736722014, 8.446554767390515, 8.564867268696425, 8.684084125059776, 8.80421470108899, 8.925268473354315, 9.047255031669529, 9.170184080379771, 9.294065439654714, 9.418909046786734, 9.544724957493564, 9.671523347224717, 9.799314512471362, 9.928108872078393, 10.057916968558988, 10.188749469409967, 10.320617168427486, 10.453530987022884, 10.58750197553675, 10.722541314551124, 10.858660316198565, 10.995870425467109, 11.134183221500134, 11.273610418889902, 11.41416386896372, 11.555855561061414, 11.698697623802824, 11.842702326344094, 11.987882079621079, 12.134249437578669, 12.281817098384055, 12.430597905622932, 12.580604849476059, 12.731851067875214, 12.884349847635947, 13.038114625565719, 13.193158989544974, 13.349496679579019, 13.507141588818625, 13.666107764546839, 13.826409409129536, 13.988060880927094, 14.151076695164642, 14.315471524757992, 14.481260201091928, 14.648457714748686, 14.817079216182375, 14.987140016336904, 15.158655587203189, 15.331641562312667, 15.506113737163089, 15.682088069572346, 15.859580679957045, 16.038607851530802, 16.219186030418413, 16.401331825680945, 16.585062009247476, 16.77039351574791, 16.957343442242557, 17.145929047842476, 17.336167753215424, 17.52807713997192, 17.72167494992489, 17.916979084217747, 18.114007602313634, 18.31277872083992, 18.513310812281127, 18.715622403513052, 18.919732174171248, 19.125658954846063, 19.333421725097015, 19.543039611278196, 19.754531884166795, 19.96791795638634, 20.18321737961606, 20.400449841577284, 20.619635162788114, 20.84079329307672, 21.063944307843787, 21.289108404064265, 21.516305896018313, 21.745557210740916, 21.976882883180004, 22.210303551051854, 22.44583994938299, 22.68351290472716, 22.92334332904605, 23.16535221324197, 23.409560620330613, 23.65598967824183, 23.90466057223628, 24.155594536925395, 24.408812847882132, 24.664336812829998, 24.922187762397453, 25.182387040424658, 25.44495599381008, 25.70991596188342, 25.977288265292536, 26.247094194390726, 26.51935499711208, 26.794091866321754, 27.071325926628518, 27.351078220647207, 27.63336969469866, 27.9182211839353, 28.20565339688034, 28.495686899369492, 28.788342097884293, 29.083639222266306, 29.381598307802722, 29.682239176673615, 29.985581418752616, 30.291644371752938, 30.600447100711925, 30.912008376807705, 31.22634665550331, 31.543480054013827, 31.863426328094075, 32.18620284814511, 32.51182657463927, 32.8403140328655, 33.171681286997256, 33.50594391348812, 33.84311697380105, 34.1832149864798, 34.52625189857285, 34.87224105642208, 35.22119517583077, 35.573126311628634, 35.9280458266524, 36.28596436016497
[6], 7.429012525211923, 7.54066551444996, 7.65315927271949, 7.766502455469232, 7.880703822759904, 7.9957722405326646, 8.11171668188713, 8.228546228368863, 8.346270071265568, 8.464897512912005, 8.584437968003433, 8.704900964916785, 8.82629614703948, 8.948633274105411, 9.071922223537513, 9.196172991796658, 9.321395695736184, 9.447600573961523, 9.574797988194447, 9.702998424641255, 9.83221249536426, 9.962450939655655, 10.093724625413588, 10.226044550519061, 10.359421844212992, 10.493867768472857, 10.629393719387647, 10.766011228530202, 10.903731964326271, 11.042567733418426, 11.182530482024685, 11.323632297289773, 11.465885408628187, 11.609302189057848, 11.753895156522361, 11.899676975201132, 12.046660456805245, 12.194858561857787, 12.34428440095664, 12.494951236018272, 12.646872481500534, 12.800061705602092, 12.954532631437292, 13.110299138183432, 13.267375262198735, 13.425775198108395, 13.585513299856297, 13.746604081719967, 13.909062219285945, 14.072902550382407, 14.238140075966943, 14.404789960965514, 14.572867535060107, 14.742388293421056, 14.913367897381285, 15.085822175048209, 15.259767121850064, 15.435218901011986, 15.61219384395875, 15.790708450638808, 15.970779389766316, 16.152423498975317, 16.33565778488253, 16.52049942305268, 16.706965757862022, 16.895074302254173, 17.084842737382893, 17.27628891213606, 17.469430842534756, 17.664286711001317, 17.860874865489976, 18.059213818473243, 18.25932224577749, 18.46121898526025, 18.66492303532208, 18.870453553245458, 19.077829853352643, 19.287071404974522, 19.498197830222203, 19.711228901552516, 19.926184539118733, 20.143084807897175, 20.361949914580663, 20.582800204228754, 20.805656156665066, 21.030538382611496, 21.257467619548652, 21.486464727292198, 21.71755068327378, 21.950746577515254, 22.186073607285227, 22.423553071425445, 22.66320636433569, 22.905054969604674, 23.1491204532744, 23.395424456725788, 23.643988689171977, 23.894834919747147, 24.14798496917691, 24.403460701017355, 24.661284012448977, 24.921476824612068, 25.184061072469767, 25.449058694185, 25.716491619997377, 25.986381760586678, 26.258750994908254, 26.53362115748773, 26.811014025160276, 27.09095130324178, 27.37345461111803, 27.658545467239264, 27.946245273506996, 28.236575299040656, 28.529556663312217, 28.825210318637005, 29.12355703200965, 29.424617366274727, 29.72841166062226, 30.034960010399022, 30.34428224622743, 30.656397912424403, 30.971326244714533, 31.289086147231476, 31.60969616880416, 31.933174478524684, 32.259538840596846, 32.588806588464976, 32.92099459822536, 33.25611926132337, 33.59419645654155, 33.93524152128631, 34.279269222182144, 34.62629372498521, 34.97632856383, 35.32938660982564, 35.68548003902023, 36.04462029975557
[7], 7.214267351710277, 7.325329692125624, 7.437231635746152, 7.549981876032964, 7.663589212470823, 7.778062551876358, 7.893410909716972, 8.00964341143991, 8.126769293811474, 8.24479790626596, 8.363738712264139, 8.483601290660761, 8.604395337080883, 8.72613066530434, 8.848817208658522, 8.972465021418113, 9.097084280212277, 9.222685285438033, 9.349278462679562, 9.476874364132929, 9.605483670035358, 9.735117190098583, 9.865785864945583, 9.9975007675496, 10.130273104675277, 10.26411421832043, 10.399035587157814, 10.53504882797616, 10.672165697119047, 10.810398091920865, 10.949758052138748, 11.090257761378936, 11.23190954851699, 11.374725889109747, 11.518719406798409, 11.663902874700726, 11.810289216791036, 11.95789150926665, 12.106722981898551, 12.25679701936498, 12.408127162565824, 12.560727109916135, 12.714610718616338, 12.869792005897493, 13.026285150238687, 13.184104492555036, 13.343264537353228, 13.503779953852197, 13.665665577066303, 13.828936408848266, 13.993607618888749, 14.159694545669442, 14.327212697366937, 14.496177752703492, 14.666605561741338, 14.83851214661712, 15.011913702212393, 15.186826596756449, 15.363267372357083, 15.54125274545529, 15.720799607199128, 15.901925023732339, 16.08464623639286, 16.26898066181594, 16.454945891937, 16.642559693888458, 16.831840009785086, 17.022804956392033, 17.21547282466939, 17.409862079186727, 17.605991357401702, 17.803879468795397, 18.00354539385737, 18.205008282913692, 18.408287454789924, 18.61340239530135, 18.82037275556264, 19.029218350108614, 19.23995915481728, 19.4526153046265, 19.66720709103531, 19.88375495938014, 20.10227950587656, 20.32280147441654, 20.545341753110662, 20.769921370565356, 20.996561491883753, 21.22528341437936, 21.456108562991226, 21.689058485388536, 21.924154846753396, 22.161419424228676, 22.40087410101938, 22.642540860133952, 22.886441777753248, 23.132599016213355, 23.381034816589235, 23.631771490865066, 23.884831413677837, 24.14023701361997, 24.398010764086333, 24.658175173652054, 24.920752775965674, 25.185766119144024, 25.453237754653003, 25.723190225660733, 25.99564605484729, 26.27062773165689, 26.548157698977978, 26.82825833923587, 27.110951959884826, 27.39626077828399, 27.684206905944386, 27.97481233213269, 28.26809890681864, 28.56408832295361, 28.862802098067412, 29.164261555172075, 29.468487802961356, 29.77550171529558, 30.085323909962003, 30.39797472670267, 30.71347420450144, 31.031842058123935, 31.35309765390496, 31.677259984779386, 32.00434764455361, 32.33437880141671, 32.66737117069155, 33.003341986828296, 33.342307974644086, 33.68428531981557, 34.02928963863201, 34.377335947019894, 34.728438628851926, 35.082611403555575, 35.43986729303994, 35.80021858796129
[8], 6.998691180977899, 7.109154284050127, 7.2204557197768535, 7.332604218334004, 7.445608617322185, 7.5594778631146875, 7.674221012217406, 7.789847232640125, 7.90636580527863, 8.023786125308327, 8.142117703587882, 8.261370168073555, 8.381553265243296, 8.502676861530334, 8.624750944766316, 8.74778562563275, 8.871791139121141, 8.996777846000578, 9.12275623429294, 9.249736920754534, 9.377730652364088, 9.506748307816128, 9.636800899019, 9.76789957259731, 9.900055611397297, 10.033280435995147, 10.16758560620629, 10.302982822596176, 10.439483927990112, 10.577100908982311, 10.715845897442208, 10.855731172017427, 10.996769159632066, 11.13897243697885, 11.282353732003974, 11.426925925383179, 11.572702051987607, 11.71969530233765, 11.867919024043507, 12.01738672323036, 12.16811206594656, 12.320108879552746, 12.473391154090024, 12.627973043625051, 12.783868867569668, 12.941093111972934, 13.099660430783109, 13.259585647076804, 13.420883754253058, 13.583569917188905, 13.747659473354233, 13.913167933882331, 14.080110984593084, 14.248504486965533, 14.418364479056203, 14.589707176359767, 14.762548972607792, 14.936906440502057, 15.11279633237813, 15.290235580794631, 15.469241299044205, 15.649830781581068, 15.83202150436026, 16.01583112508386, 16.201277483348612, 16.388378600689375, 16.577152680513002, 16.767618107916395, 16.959793449382666, 17.15369745234919, 17.349349044640572, 17.546767333759895, 17.745971606030892, 17.946981325583916, 18.14981613317774, 18.354495844849485, 18.56104045038421, 18.769470111596014, 18.979805160411537, 19.19206609674698, 19.406273586169164, 19.62244845733128, 19.840611699172772, 20.06078445787379, 20.28298803355309, 20.507243876698865, 20.73357358432114, 20.961998895814276, 21.19254168851793, 21.4252239729641, 21.66006788779814, 21.89709569436081, 22.136329770918604, 22.37779260652878, 22.621506794525835, 22.867495025615266, 23.11578008056095, 23.366384822451213, 23.619332188529604, 23.87464518157513, 24.132346860817165, 24.392460332369687, 24.655008739169787, 24.920015250404496, 25.187503050410733, 25.45749532703261, 25.7300152594202, 26.00508600525417, 26.282730687380663, 26.56297237984059, 26.845834093277908, 27.131338759711632, 27.419509216656323, 27.7103681905762, 28.0039382796584, 28.300241935891325, 28.59930144643442, 28.90113891426597, 29.205776238097116, 29.513235091539585, 29.823536901516714, 30.136702825907353, 30.452753730413832, 30.771710164645626, 31.0935923374121, 31.418420091219165, 31.746212875964854, 32.07698972183214, 32.41076921137784, 32.747569450817984, 33.08740804051333, 33.43030204465929, 33.77626796018753, 34.1253216848886, 34.477478484767516, 34.83275296064706, 35.19115901403556, 35.55270981227975
[9], 6.782285319139083, 6.89214056100124, 7.0028327588808805, 7.114370678332512, 7.226763193724311, 7.340019289626398, 7.4541480622119645, 7.569158720670758, 7.685060588634861, 7.801863105616793, 7.919575828458863, 8.038208432794637, 8.157770714521163, 8.278272591282143, 8.399724103961736, 8.522135418188233, 8.645516825847563, 8.769878746605814, 8.895231729440628, 9.02158645418065, 9.148953733052613, 9.27734451223542, 9.406769873420567, 9.537241035378225, 9.668769355528104, 9.80136633151482, 9.935043602786061, 10.069812952173626, 10.205686307475611, 10.342675743039287, 10.480793481343254, 10.620051894578152, 10.760463506224173, 10.902040992624816, 11.044797184555005, 11.188745068782387, 11.33389778962061, 11.480268650472478, 11.627871115361842, 11.77671881045241, 11.926825525551406, 12.078205215596558, 12.23087200212427, 12.384840174716745, 12.540124192426067, 12.696738685172978, 12.854698455117544, 13.014018477999725, 13.174713904446884, 13.336800061245247, 13.50029245257284, 13.66520676119064, 13.831558849588731, 13.999364761084012, 14.168640720866154, 14.339403136988276, 14.511668601297952, 14.685453890305281, 14.860775965983338, 15.03765197649688, 15.216099256854791, 15.396135329481362, 15.57777790470187, 15.761044881136689, 15.94595434599937, 16.132524575292493, 16.32077403389579, 16.510721375540626, 16.702385442664152, 16.89578526613733, 17.09094006485933, 17.287869245211724, 17.486592400365264, 17.68712930943137, 17.889499936450903, 18.093724429211644, 18.29982311788654, 18.507816513483974, 18.717725306100622, 18.929570362968256, 19.143372726284348, 19.35915361081693, 19.576934401273324, 19.796736649422076, 20.01858207095743, 20.242492542095007, 20.468490095887244, 20.696596918246478, 20.926835343663768, 21.159227850610804, 21.393797056611984, 21.630565712973464, 21.869556699155904, 22.11079301677659, 22.354297783227445, 22.600094224893798, 22.84820566995978, 23.098655540784712, 23.351467345835957, 23.606664671161663, 23.86427117138883, 24.12431056022941, 24.38680660047936, 24.651783093493442, 24.919263868119767, 25.189272769076933, 25.461833644757785, 25.73697033444197, 26.014706654901495, 26.295066386381848, 26.57807325794234, 26.863750932138853, 27.1521229890329, 27.443212909510603, 27.73704405789594, 28.03363966384247, 28.333022803489136, 28.63521637986478, 28.940243102528107, 29.248125466429773, 29.55888572998357, 29.872545892336078, 30.1891276698231, 30.5086524716042, 30.83114137446637, 31.156615096790176, 31.485093971672367, 31.81659791920138, 32.15114641788256, 32.48875847521343, 32.829452597409606, 33.17324675828524, 33.520158367293625, 33.870204236736114, 34.22340054814997, 34.57976281788861, 34.93930586191059, 35.30204375979635
[10], 6.565051177077989, 6.67428989984083, 6.7843640945481605, 6.895282560757514, 7.007054208216286, 7.11968805829041, 7.233193245406701, 7.3475790185090935, 7.462854742528003, 7.579029899863283, 7.696114091879744, 7.814117040415809, 7.933048589304323, 8.05291870590576, 8.173737482652932, 8.29551513860737, 8.418262021026758, 8.541988606942784, 8.66670550474929, 8.7924234558, 8.919153336015565, 9.046906157498704, 9.175693070157827, 9.305525363337555, 9.436414467455883, 9.568371955647232, 9.70140954541058, 9.83553910026156, 9.970772631388032, 10.107122299307957, 10.244600415528447, 10.383219444205066, 10.522992003800413, 10.663930868740284, 10.806048971066712, 10.949359402085943, 11.093875414010514, 11.239610421593488, 11.386578003753396, 11.534791905188287, 11.684266037977054, 11.835014483166082, 11.987051492339443, 12.140391489170431, 12.295049070952363, 12.451039010106252, 12.608376255663183, 12.767075934718616, 12.92715335385602, 13.088624000537417, 13.251503544457355, 13.41580783885793, 13.5815529218009, 13.748755017394451, 13.91743053697034, 14.087596080208169, 14.259268436202957, 14.432464584471848, 14.607201695895984, 14.783497133593075, 14.961368453715998, 15.140833406173002, 15.321909935264195, 15.504616180229501, 15.688970475702424, 15.874991352064015, 16.062697535691584, 16.25210794909542, 16.443241710937922, 16.636118135927877, 16.83075673458349, 17.027177212857037, 17.225399471613308, 17.425443605954907, 17.62732990438563, 17.831078847804278, 18.03671110832012, 18.244247547881187, 18.453709216705956, 18.665117351509394, 18.878493373513063, 19.093858886229498, 19.311235673009943, 19.530645694345097, 19.752111084907064, 19.97565415032161, 20.20129736365829, 20.429063361626508, 20.65897494046483, 20.89105505151025, 21.125326796434862, 21.36181342213534, 21.60053831526174, 21.84152499637128, 22.08479711369189, 22.330378436480956, 22.5782928479637, 22.82856433783534, 23.081216994311227, 23.336274995708415, 23.593762601542274, 23.853704143121227, 24.11612401362246, 24.381046657631256, 24.648496560126645, 24.918498234895658, 25.191076212358094, 25.466255026784463, 25.7440592028887, 26.02451324177782, 26.30764160624085, 26.593468705358912, 26.88201887841882, 27.173316378112837, 27.46738535300731, 27.764249829263107, 28.063933691591505, 28.3664606634298, 28.6718542863203, 28.98013789847913, 29.291334612539483, 29.605467292457302, 29.922558529566157, 30.242630617770757, 30.565705527868616, 30.891804880991632, 31.220949921159605, 31.55316148694066, 31.8884599822141, 32.226865346033385, 32.56839702158943, 32.91307392427591, 33.26091440886071, 33.61193623577029, 33.96615653649656, 34.323591778137995, 34.68425772709016, 35.04816941190417
[11], 6.3469902717501725, 6.455603784864764, 6.565051177077989, 6.675341280535779, 6.786483038936092, 6.898485508998051, 7.011357861946113, 7.125109385008753, 7.23974948293197, 7.3552876795071525, 7.471733619113111, 7.58909706827211, 7.70738791721971, 7.826616181488124, 7.94679200350253, 8.067925654190299, 8.190027534602748, 8.313108177549012, 8.437178249241263, 8.562248550951367, 8.688330020678269, 8.815433734825168, 8.943570909886592, 9.072752904144256, 9.202991219371235, 9.334297502543693, 9.466683547559418, 9.600161296962247, 9.734742843671876, 9.870440432717574, 10.007266462975348, 10.145233488907218, 10.284354222301573, 10.424641534013471, 10.566108455703548, 10.708768181574518, 10.852634070103262, 10.997719645767855, 11.144038600767143, 11.291604796732019, 11.440432266425935, 11.590535215433416, 11.741928023834285, 11.894625247861864, 12.048641621542428, 12.20399205831472, 12.36069165262601, 12.51875568150292, 12.678199606094365, 12.839039073183425, 13.001289916665872, 13.164968158991853, 13.330090012567858, 13.496671881115468, 13.664730360983507, 13.83428224240996, 14.005344510729762, 14.177934347524612, 14.352069131710419, 14.52776644055833, 14.705044050644275, 14.883919938722995, 15.064412282520754, 15.24653946144225, 15.43032005718589, 15.615772854261715, 15.802916840406526, 15.991771206889666, 16.182355348703023, 16.374688864629096, 16.56879155717943, 16.764683432397014, 16.962384699514327, 17.16191577046015, 17.363297259206018, 17.566549980944938, 17.77169495109266, 17.97875338410346, 18.187746692090002, 18.398696483238655, 18.611624560009037, 18.82655291710842, 19.043503739229653, 19.262499398541397, 19.483562451919617, 19.70671563790788, 19.93198187339482, 20.15938424999554, 20.38894603012419, 20.620690642744627, 20.854641678784546, 21.090822886199916, 21.3292581646742, 21.569971559938224, 21.81298725769462, 22.05832957713199, 22.30602296401173, 22.556091983312154, 22.808561311412195, 23.063455727798377, 23.32080010627697, 23.58061940567424, 23.842938660006197, 24.107782968100118, 24.37517748264894, 24.645147398680052, 24.91771794141954, 25.192914353533034, 25.470761881723547, 25.751285762667898, 26.034511208271788, 26.32046339022502, 26.60916742383704, 26.90064835113494, 27.194931123204174, 27.492040581754132, 27.792001439890765, 28.09483826207776, 28.400575443270366, 28.709237187204327, 29.0208474838248, 29.335430085840198, 29.653008484386746, 29.97360588379106, 30.297245175418578, 30.623948910597782, 30.953739272610566, 31.28663804774168, 31.622666595381006, 31.961845817175146, 32.30419612522582, 32.64973740933582, 32.998489003304584, 33.350469650279145, 33.705697467167376, 34.064189908125144, 34.42596372713028, 34.79103493966105
[12], 6.128104227481041, 6.236083809139244, 6.344895566954842, 6.454548364207988, 6.565051177077989, 6.676413096153187, 6.788643327956752, 6.901751196488313, 7.01574614478149, 7.13063773647717, 7.246435657411933, 7.363149717222138, 7.480789850962757, 7.599366120741258, 7.718888717365771, 7.839367962007755, 7.960814307878483, 8.0832383419189, 8.206650786502863, 8.331062501153097, 8.456484484269321, 8.582927874868075, 8.710403954334092, 8.83892414818192, 8.968500027827869, 9.099143312371119, 9.230865870383644, 9.3636797217077, 9.497597039260725, 9.63263015084608, 9.768791540969255, 9.906093852658076, 10.044549889286229, 10.184172616398861, 10.324975163538724, 10.466970826072327, 10.610173067013903, 10.754595518846424, 10.900251985337757, 11.047156443350596, 11.195323044644221, 11.344766117666705, 11.495500169335266, 11.64753988680292, 11.80090013920957, 11.9555959794149, 12.111642645711061, 12.269055563512719, 12.427850347021556, 12.588042800862878, 12.749648921691417, 12.912684899762928, 13.077167120469177, 13.243112165832422, 13.41053681595605, 13.579458050427887, 13.749893049672396, 13.921859196247548, 14.095374076082397, 14.270455479650872, 14.447121403077453, 14.625390049169539, 14.805279828371857, 14.986809359637721, 15.169997471211325, 15.35486320131568, 15.541425798740342, 15.729704723322294, 15.919719646314064, 16.111490450631933, 16.305037230977323, 16.500380293824342, 16.697540157265347, 16.89653755070713, 17.097393414409076, 17.300128898855252, 17.504765363950916, 17.71132437803479, 17.919827716697167, 18.13029736139403, 18.34275549784709, 18.557224514218703, 18.77372699905088, 18.992285738957065, 19.212923716054465, 19.435664105125134, 19.660530270493105, 19.887545762604162, 20.116734314295552, 20.34811983674096, 20.58172641505727, 20.81757830355773, 21.055699920637, 21.296115843272197, 21.53885080112421, 21.78392967022285, 22.031377466219144, 22.28121933718765, 22.533480555961255, 22.788186511980616, 23.045362702639867, 23.30503472411015, 23.567228261621832, 23.83196907918662, 24.099283008739366, 24.369195938680445, 24.641733801798345, 24.91692256255241, 25.194788203695506, 25.475356712215707, 25.758654064577268, 26.044706211239532, 26.33353906043399, 26.625178461178457, 26.91965018550885, 27.21697990990789, 27.517193195911624, 27.82031546987413, 28.126372001871655, 28.43538788372828, 28.747388006144927, 29.062397034915733, 29.380439386215095, 29.701539200941227, 30.025720318101918, 30.353006247230443, 30.6834201398205, 31.016984759770356, 31.35372245282877, 31.69365511503696, 32.03680416016197, 32.38319048612085, 32.73283444039529, 33.08575578444098, 33.44197365709725, 33.801506537005956, 34.1643722040523, 34.530587699842734
[13], 5.908394777249831, 6.015731675823466, 6.12389893621031, 6.23290545133107, 6.342760228336687, 6.453472390158968, 6.565051177077989, 6.677505948306982, 6.790846183594106, 6.90508148484095, 7.020221577738043, 7.136276313416739, 7.253255670117684, 7.3711697548751545, 7.490028805217722, 7.609843190884475, 7.730623415556362, 7.852380118603028, 7.975124076844053, 8.098866206324718, 8.223617564105494, 8.34938935006512, 8.476192908716468, 8.604039731035066, 8.732941456299084, 8.862909873940866, 8.993956925408662, 9.126094706038375, 9.259335466934104, 9.393691616857069, 9.529175724121757, 9.665800518498088, 9.80357889311945, 9.942523906394314, 10.082648783921563, 10.223966920407063, 10.366491881581245, 10.510237406115566, 10.655217407536625, 10.80144597613684, 10.94893738087888, 11.09770607129372, 11.247766679368754, 11.399134021425553, 11.551823099984096, 11.705849105611955, 11.861227418755892, 12.017973611553431, 12.176103449622055, 12.335632893823066, 12.496578101997734, 12.658955430672183, 12.822781436728345, 12.988072879037851, 13.154846720054651, 13.323120127363715, 13.492910475181363, 13.664235345803537, 13.837112530997812, 14.011560033334685, 14.187596067453706, 14.365239061259672, 14.544507657043868, 14.725420712524711, 14.90799730180335, 15.092256716227116, 15.278218465156115, 15.465902276625954, 15.655328097900314, 15.84651609590657, 16.039486657547467, 16.234260389881154, 16.430858120162352, 16.62930089573617, 16.829609983776532, 17.03180687086035, 17.23591326236858, 17.441951081704595, 17.64994246932033, 17.85990978153987, 18.0718755891701, 18.28586267588747, 18.501894036389643, 18.719992874300207, 18.940182599814573, 19.162486827074073, 19.386929371255828, 19.61353424536466, 19.84232565671319, 20.07332800307608, 20.30656586850342, 20.542064018778262, 20.779847396502714, 21.01994111579622, 21.262370456589903, 21.50716085849965, 21.75433791426087, 22.003927362706627, 22.255955081271313, 22.510447078000826, 22.767429483050552, 23.026928539650903, 23.288970594521572, 23.553582087713313, 23.820789541857295, 24.09061955080086, 24.363098767608754, 24.638253891908175, 24.916111656556374, 25.19669881360864, 25.480042119565198, 25.766168319874733, 26.05510413267288, 26.346876231733386, 26.64151122861045, 26.93903565395052, 27.23947593795188, 27.542858389951622, 27.84920917711873, 28.158554302233465, 28.470919580533852, 28.786330615609927, 29.104812774328597, 29.426391160771676, 29.751090589171614, 30.07893555583012, 30.409950210007036, 30.74415832376716, 31.08158326077584, 31.422247944034922, 31.76617482255306, 32.1133858369471, 32.46390238397282, 32.817745279986575, 33.17493472334199, 33.53549025572889, 33.8994307224651, 34.26677423175475
[14], 5.687863763958675, 5.794549199476826, 5.902063069769746, 6.010414295865568, 6.119611914336384, 6.229665078889708, 6.3405830619778945, 6.452375256426021, 6.565051177077989, 6.678620462460824, 6.793092876466926, 6.9084783100543525, 7.024786782964641, 7.142028445458558, 7.260213580068808, 7.379352603370389, 7.49945606776737, 7.620534663296647, 7.742599219447789, 7.865660706998918, 7.989730239868236, 8.114819076980492, 8.240938624148427, 8.368100435968154, 8.496316217728273, 8.625597827332287, 8.755957277232955, 8.887406736378944, 9.019958532172227, 9.153625152435538, 9.288419247389665, 9.424353631638935, 9.56144128616406, 9.699695360321908, 9.839129173850203, 9.979756218876707, 10.121590161931156, 10.264644845958962, 10.408934292335033, 10.554472702876101, 10.701274461850554, 10.849354137983227, 10.99872648645401, 11.14940645088819, 11.301409165336386, 11.45474995624206, 11.609444344394486, 11.765508046864511, 11.922956978920972, 12.081807255924739, 12.242075195198007, 12.40377731786572, 12.566930350665853, 12.731551227725804, 12.897657092300978, 13.065265298472443, 13.234393412799392, 13.405059215923083, 13.577280704117458, 13.751076090782588, 13.92646380787624, 14.103462507278588, 14.282091062085446, 14.462368567824392, 14.644314343588569, 14.827947933082246, 15.013289105572264, 15.200357856739128, 15.389174409420846, 15.57975921424304, 15.77213295012829, 15.966316524676476, 16.162331074409426, 16.360197964870693, 16.559938790572968, 16.76157537478348, 16.965129769138795, 17.170624253079254, 17.378081333093036, 17.58752374175983, 17.798974436583038, 18.012456598599645, 18.227993630756117, 18.445609156038486, 18.665327015343788, 18.88717126508064, 19.111166174485167, 19.337336222638566, 19.56570609517227, 19.796300680645892, 20.029145066582625, 20.264264535146648, 20.50168455844636, 20.741430793446398, 20.983529076472063, 21.228005417287783, 21.474885992731995, 21.724197139889526, 21.975965348782815, 22.23021725456209, 22.486979629174645, 22.74627937249303, 23.00814350288071, 23.272599147174798, 23.539673530063396, 23.809393962836175, 24.081787831485357, 24.356882584134894, 24.634705717774654, 24.915284764276635, 25.198647275669796, 25.48482080865014, 25.773832908302563, 26.065711091010776, 26.360482826532028, 26.65817551921309, 26.95881648832443, 27.262432947489614, 27.569051983187546, 27.878700532305363, 28.191405358720626, 28.50719302889183, 28.826089886437682, 29.14812202568547, 29.473315264171326, 29.801695114074807, 30.133286752573206, 30.468114991101103, 30.80620424350344, 31.14757849307161, 31.492261258454402, 31.840275558438023, 32.1916438755913, 32.54638811877568, 32.90452958452192, 33.26608891727845, 33.631086068540256, 33.9995402548701
[15], 5.466513141685155, 5.572538307350097, 5.679389866783188, 5.787076767547065, 5.8956080740438495, 6.004992969147226, 6.1152407558538675, 6.226360858954544, 6.338362826724732, 6.451256332634506, 6.565051177077989, 6.679757289121782, 6.795384728272904, 6.911943686265486, 7.0294444888663286, 7.147897597699268, 7.267313612087817, 7.387703270916085, 7.509077454507757, 7.631447186522286, 7.754823635868897, 7.879218118637062, 8.00464210004368, 8.131107196396252, 8.258625177071533, 8.387207966509335, 8.516867646220478, 8.647616456808882, 8.779466800006357, 8.91243124072018, 9.04652250909173, 9.18175350256639, 9.318137287972705, 9.455687103610657, 9.594416361347621, 9.734338648720954, 9.87546773104595, 10.017817553527891, 10.161402243377088, 10.306236111924937, 10.452333656740064, 10.599709563742424, 10.74837870931376, 10.898356162402706, 11.0496571866226, 11.202297242339554, 11.356291988749081, 11.511657285938567, 11.668409196933565, 11.826563989724827, 11.986138139273654, 12.14714832949277, 12.30961145519937, 12.473544624037354, 12.638965158365448, 12.805890597107464, 12.974338697561095, 13.14432743716137, 13.315875015194463, 13.488999854457758, 13.663720602861487, 13.840056134967242, 14.01802555345834, 14.19764819053667, 14.378943609240862, 14.561931604679563, 14.746632205174391, 14.933065673305483, 15.121252506853871, 15.31121343963319, 15.502969442203801, 15.69654172246165, 15.89195172609413, 16.08922113689473, 16.28837187692773, 16.48942610653437, 16.69240622417079, 16.89733486606836, 17.104234905706203, 17.31312945308551, 17.524041853794312, 17.736995687852342, 17.952014768322805, 18.169123139680302, 18.388345075920956, 18.609705078402445, 18.833227873399768, 19.05893840936302, 19.28686185386199, 19.51702359020313, 19.749449213702718, 19.984164527600136, 20.22119553859488, 20.46056845198975, 20.70230966642267, 20.946445768168594, 21.193003524993294, 21.442009879539086, 21.6934919422229, 21.947476983626487, 22.203992426357683, 22.46306583636157, 22.724724913659333, 22.988997482493325, 23.255911480854444, 23.525494949369676, 23.797776019525863, 24.072782901205652, 24.35054386951146, 24.63108725085319, 24.91444140827458, 25.200634725993154, 25.48969559312921, 25.781652386597862, 26.07653345313954, 26.374367090463352, 26.675181527478706, 26.979004903589814, 27.285865247029044, 27.59579045220476, 27.908808256040086, 28.22494621327972, 28.544231670742512, 28.866691740498528, 29.192353271950104, 29.52124282279822, 29.853386628875942, 30.188810572832917, 30.527540151656176, 30.869600443014686, 31.21501607041695, 31.563811167172908, 31.91600933915488, 32.271633626353676, 32.630706463230105, 32.993249637864395, 33.359284249910075, 33.728830667362324
[16], 5.244344976917605, 5.34970104065923, 5.4558813419385475, 5.562894853240334, 5.67075066516471, 5.779457988099933, 5.889026153916004, 5.999464617678783, 6.110782959385328, 6.222990885719454, 6.336098231828217, 6.450114963119181, 6.565051177077989, 6.680917105106472, 6.797723114381207, 6.915479709732114, 7.034197535541212, 7.153887377661011, 7.274560165352632, 7.396226973243179, 7.518899023302156, 7.642587686836517, 7.767304486504108, 7.8930610983450755, 8.01986935383045, 8.147741241928156, 8.276688911185103, 8.406724671825241, 8.537860997862941, 8.67011052923076, 8.803486073921032, 8.938000610140596, 9.073667288477395, 9.210499434078516, 9.348510548838185, 9.4877143135952, 9.628124590337892, 9.769755424416449, 9.912621046760034, 10.05673587609847, 10.202114521186187, 10.348771783027392, 10.496722657100229, 10.645982335578761, 10.796566209550411, 10.948489871226963, 11.10176911614721, 11.256419945368558, 11.412458567645707, 11.56990140159333, 11.728765077830626, 11.889066441104458, 12.050822552388311, 12.214050690954119, 12.378768356412863, 12.544993270721747, 12.712743380152851, 12.882036857220347, 13.052892102561833, 13.22532774676957, 13.399362652166989, 13.575015914525858, 13.752306864719099, 13.931255070303973, 14.111880337030088, 14.294202710266791, 14.478242476343441, 14.664020163796552, 14.851556544517209, 15.040872634791686, 15.23198969622792, 15.424929236560683, 15.619713010326961, 15.816363019403804, 16.0149015133996, 16.215350989889906, 16.417734194488393, 16.62207412074329, 16.82839400984861, 17.036717350159964, 17.247067876503824, 17.45946956926824, 17.67394665326359, 17.89052359634043, 18.109225107751804, 18.330076136246234, 18.55310186787756, 18.77832772351739, 19.005779356054486, 19.23548264726631, 19.467463704345924, 19.70174885606824, 19.938364648577718, 20.17733784078044, 20.418695399321702, 20.66246449313023, 20.908672487510092, 21.15734693775947, 21.40851558229618, 21.662206335268678, 21.918447278630637, 22.177266653656783, 22.438692851877676, 22.702754405409237, 22.969479976653737, 23.23889834734797, 23.511038406933267, 23.785929140222773, 24.063599614339797, 24.344078964901673, 24.627396381422475, 24.91358109190845, 25.20266234661881, 25.49466940096541, 25.78963149752426, 26.087577847131268, 26.38853760903597, 26.692539870085955, 26.999613622915245, 27.30978774311078, 27.62309096533078, 27.939551858350054, 28.259198799007198, 28.582059945030558, 28.90816320671959, 29.23753621746044, 29.57020630305505, 29.906200449845095, 30.245545271613434, 30.588266975247727, 30.934391325152983, 31.283943606401714, 31.63694858661337, 31.993430476557183, 32.35341288947561, 32.716918799128386, 33.08397049656176, 33.454589545609686
[17], 5.021361449771963, 5.12603955584063, 5.231539626756756, 5.3378706582751265, 5.4450417655210925, 5.553062184703926, 5.661941274852615, 5.771688519573179, 5.882313528828385, 5.993826040739214, 6.10623592340871, 6.219553176767604, 6.3337879344419274, 6.4489504656428505, 6.565051177077989, 6.6821006148846775, 6.80010946658481, 6.919088563061238, 7.039048880555134, 7.160001542684729, 7.281957822484655, 7.404929144465904, 7.528927086695912, 7.653963382898432, 7.780049924573088, 7.907198763133518, 8.035422112064502, 8.164732349096699, 8.295142018399046, 8.426663832787579, 8.559310675950917, 8.693095604690432, 8.828031851175398, 8.96413282521166, 9.101412116522907, 9.23988349704381, 9.379560923223798, 9.520458538339996, 9.662590674818894, 9.805971856564314, 9.950616801291247, 10.096540422863463, 10.243757833633403, 10.392284346782684, 10.542135478661393, 10.693326951124133, 10.84587469386086, 10.999794846719967, 11.155103762022016, 11.311818006860785, 11.469954365389597, 11.62952984108996, 11.790561659019565, 11.9530672680366, 12.117064342997178, 12.282570786922161, 12.449604733130196, 12.61818454733257, 12.788328829686439, 12.960056416801539, 13.133386383696495, 13.308338045699562, 13.484930960289256, 13.66318492886902, 13.84311999847135, 14.024756463384726, 14.20811486669805, 14.393216001755732, 14.580080913517104, 14.76873089981313, 14.959187512493058, 15.151472558453564, 15.345608100542066, 15.541616458326406, 15.739520208721533, 15.93934218646477, 16.141105484429374, 16.34483345376717, 16.550549703869418, 16.758278102135282, 16.968042773536553, 17.179868099967035, 17.393778719364082, 17.609799524589818, 17.82795566205881, 18.048272530098046, 18.270775777025534, 18.495491298932144, 18.7224452371516, 18.951663975402436, 19.183174136585723, 19.417002579220906, 19.653176393502537, 19.89172289695914, 20.132669629695744, 20.3760443491999, 20.621875024691587, 20.870189830995795, 21.121017141916717, 21.374385523091153, 21.63032372429872, 21.88886067120564, 22.150025456517934, 22.413847330520063, 22.680355690973613, 22.949580072350663, 23.221550134375768, 23.496295649849706, 23.773846491728527, 24.054232619429687, 24.337484064338003, 24.62363091448285, 24.91270329835822, 25.20473136785694, 25.49974528029002, 25.797775179462114, 26.098851175774133, 26.403003325324057, 26.710261607976875, 27.020655904375527, 27.334215971864058, 27.650971419295942, 27.970951680699958, 28.294185987777645, 28.620703341206706, 28.950532480726157, 29.283701853979988, 29.620239584097895, 29.96017343599264, 30.303530781356372, 30.650338562338877, 31.000623253894776, 31.354410824787387, 31.71172669724111, 32.07259570523637, 32.437042051444735, 32.80508926280556, 33.17676014474888
[18], 4.797564855189062, 4.901556125787091, 5.006366970867167, 5.112006407762459, 5.218483574409867, 5.3258077311043435, 5.433988262276235, 5.543034678292087, 5.65295661727881, 5.763763846970966, 5.87546626658178, 5.988073908697421, 6.101596941194782, 6.216045669182731, 6.33143053696673, 6.447762130036608, 6.565051177077989, 6.683308552006275, 6.802545276024103, 6.92277251970141, 7.044001605078024, 7.166244007788766, 7.289511359210604, 7.413815448631581, 7.539168225441234, 7.6655818013421655, 7.793068452581932, 7.921640622205513, 8.051310922327167, 8.182092136421398, 8.313997221632215, 8.447039311100541, 8.581231716308148, 8.716587929438058, 8.853121625750124, 8.99084666597114, 9.129777098698083, 9.269927162813637, 9.411311289912947, 9.553944106740014, 9.697840437632458, 9.843015306973385, 9.989483941648714, 10.137261773508012, 10.286364441827741, 10.436807795774103, 10.588607896864454, 10.741781021424407, 10.89634366303871, 11.052312534993476, 11.209704572707052, 11.368536936147079, 11.528827012230494, 11.690592417203979, 11.853850999001038, 12.018620839572804, 12.184920257188729, 12.352767808703552, 12.522182291786185, 12.693182747106963, 12.86578846047801, 13.04001896494286, 13.215894042809595, 13.393433727623172, 13.572658306070728, 13.753588319814645, 13.936244567246998, 14.12064810515955, 14.30682025032199, 14.494782580962044, 14.684556938139872, 14.876165427009127, 15.069630417956784, 15.264974547613011, 15.462220719722813, 15.661392105869725, 15.862512146042409, 16.065604549033573, 16.270693292661385, 16.47780262380181, 16.6869570582207, 16.898181380193787, 17.111500641901994, 17.32694016258922, 17.54452552746892, 17.764282586365738, 17.98623745207728, 18.210416498441113, 18.436846358091064, 18.66555391988642, 18.89656632599719, 19.129910968627758, 19.365615486360504, 19.603707760100946, 19.84421590860426, 20.087168283563468, 20.332593464238194, 20.580520251602625, 20.830977661989962, 21.08399492021129, 21.339601452124572, 21.597826876629963, 21.858700997066325, 22.122253791983738, 22.388515405265323, 22.657516135572127, 22.929286425083397, 23.203856847504277, 23.481258095312498, 23.761520966215137, 24.04467634878573, 24.33075520725191, 24.619788565403514, 24.911807489590082, 25.20684307077731, 25.504926405631128, 25.806088576598306, 26.11036063095241, 26.417773558773902, 26.728358269833716, 27.042145569349014, 27.359166132581638, 27.67945047824891, 28.003028940718053, 28.329931640956065, 28.66018845620742, 28.993828988374236, 29.330882531073637, 29.671378035349566, 30.01534407401764, 30.362808804623725, 30.713799930998995, 31.068344663397443, 31.426469677203155, 31.788201070199595, 32.15356431839442, 32.52258423039869, 32.89528490036233
[19], 4.5729576041115365, 4.676253141062976, 4.780365743262323, 4.885304447889992, 4.991078413940244, 5.097696924016057, 5.205169386148537, 5.313505335640772, 5.422714436936269, 5.532806485512245, 5.6437914097978386, 5.755679273116862, 5.86848027565581, 5.98220475645671, 6.096863195434847, 6.212466215421463, 6.329024584231455, 6.44654921675564, 6.565051177077989, 6.684541680617388, 6.8050320962937185, 6.926533948718478, 7.049058920409152, 7.172618854027564, 7.297225754641786, 7.422891792010941, 7.5496293028932016, 7.677450793375777, 7.80636894122726, 7.936396598270873, 8.067546792779053, 8.199832731887815, 8.333267804031001, 8.467865581393017, 8.603639822379776, 8.740604474106572, 8.878773674902218, 9.01816175682808, 9.15878324821139, 9.300652876191126, 9.443785569275526, 9.588196459909536, 9.73390088705116, 9.880914398754687, 10.029252754759398, 10.178931929081624, 10.329968112608576, 10.48237771569169, 10.636177370737359, 10.791383934792641, 10.948014492123527, 11.106086356782987, 11.265617075166592, 11.426624428551587, 11.589126435617517, 11.753141354944518, 11.918687687485287, 12.08578417900819, 12.254449822506208, 12.424703860568876, 12.596565787711603, 12.770055352658868, 12.945192560575464, 13.121997675241358, 13.30049122116442, 13.480693985625187, 13.662627020648157, 13.846311644892776, 14.031769445457792, 14.21902227959211, 14.408092276304334, 14.599001837864055, 14.791773641186143, 14.986430639090216, 15.182996061425785, 15.381493416054603, 15.581946489679734, 15.784379348511822, 15.988816338761666, 16.195282086947795, 16.40380150000812, 16.614399765202858, 16.82710234979655, 17.041935000505784, 17.25892374269897, 17.478094879333984, 17.699474989618494, 17.92309092737777, 18.148969819113624, 18.37713906173791, 18.607626319962975, 18.84045952333117, 19.075666862864608, 19.313276787315623, 19.553317998997993, 19.795819449177827, 20.040810333002952, 20.288320083948104, 20.53837836775295, 20.791015075829765, 21.046260318115426, 21.30414441534319, 21.564697890708032, 21.827951460899147, 22.093936026471848, 22.362682661531256, 22.63422260269882, 22.90858723733244, 23.185808090970045, 23.46591681396613, 23.748945167290128, 24.03492500745498, 24.32388827054352, 24.615866955300447, 24.910893105256918, 25.208998789854235, 25.51021608453388, 25.814577049759706, 26.12211370893919, 26.43285802521016, 26.746841877059676, 27.064097032742247, 27.384655123464565, 27.70854761530531, 28.03580577983841, 28.3664606634298, 28.70054305517833, 29.038083453473288, 29.379112031141656, 29.723658599161258, 30.071752568916217, 30.423422912975127, 30.778698124373516, 31.137606174385382, 31.500174468771803, 31.866429802497716, 32.23639831291158, 32.61010543138704
[20], 4.3475422246386435, 4.450133111097406, 4.553538433530815, 4.657767247195778, 4.762828730349037, 4.868732186082399, 4.975487044183846, 5.083102863024471, 5.19158933147113, 5.300956270825722, 5.411213636790208, 5.522371521458249, 5.634440155333079, 5.7474299093720935, 5.861351297057716, 5.976214976494942, 6.092031752535566, 6.208812578928639, 6.326568560497655, 6.445310955344263, 6.565051177077989, 6.68580079707232, 6.80757154674699, 6.930375319875721, 7.054224174919927, 7.179130337387573, 7.305106202217036, 7.432164336185702, 7.560317480342782, 7.689578552465901, 7.819960649541062, 7.951477050265311, 8.084141217571434, 8.217966801174342, 8.352967640137866, 8.489157765461558, 8.626551402686694, 8.765162974520015, 8.905007103474622, 9.046098614526866, 9.1884525377876, 9.33208411118723, 9.477008783172352, 9.623242215413022, 9.770800285518762, 9.919699089761869, 10.069954945805776, 10.221584395436714, 10.374604207296496, 10.529031379614485, 10.684883142935494, 10.842176962842338, 11.000930542668979, 11.161161826202312, 11.322889000369281, 11.486130497905926, 11.650905000004965, 11.81723143893822, 11.985129000650582, 12.15461712732027, 12.325715519882298, 12.498444140509772, 12.672823215048515, 12.848873235399937, 13.026614961846603, 13.20606942531514, 13.387257929570183, 13.570202053333379, 13.754923652320683, 13.941444861190988, 14.129788095399046, 14.31997605294441, 14.512031716009222, 14.705978352475483, 14.901839517313615, 15.099639053832542, 15.299401094781865, 15.501150063295807, 15.70491067366796, 15.910707931946082, 16.118567136334985, 16.328513877395192, 16.540574038024847, 16.754773793210944, 16.97113960953696, 17.189698244430897, 17.41047674514008, 17.633502447415704, 17.858802973891216, 18.0864062321375, 18.316340412376636, 18.54863398483604, 18.783315696723612, 19.020414568803883, 19.259959891554605, 19.501981220882122, 19.746508373373306, 19.993571421061322, 20.243200685680893, 20.495426732389, 20.75028036292543, 21.007792608186673, 21.267994720186948, 21.530918163377844, 21.796594605298445, 22.065055906526496, 22.336334109900598, 22.610461428982692, 22.887470235729097, 23.167393047338134, 23.450262512241316, 23.7361113952049, 24.024972561507308, 24.3168789601584, 24.611863606125286, 24.90995956152934, 25.211199915778757, 25.515617764600854, 25.82324618793789, 26.134118226670196, 26.44826685813118, 26.76572497037777, 27.086525335181197, 27.410700579703207, 27.738283156823083, 28.069305314082584, 28.403799061215523, 28.741796136231752, 29.083327970024698, 29.428425649475127, 29.777119879024514, 30.12944094069381, 30.485418652526526, 30.845082325436397, 31.20846071844454, 31.575581992293216, 31.946473661427255, 32.32116254433882
[21], 4.121321363158411, 4.223198665354906, 4.325887653066964, 4.429397397818398, 4.533737095292997, 4.638916067210418, 4.744943763228637, 4.851829762873836, 4.959583777497382, 5.068215652260501, 5.177735368146568, 5.288153044001092, 5.399478938599591, 5.5117234527439, 5.624897131385972, 5.739010665780579, 5.854074895665592, 5.970100811471224, 6.087099556557027, 6.205082429477361, 6.324060886275237, 6.444046542804174, 6.565051177077989, 6.687086731648764, 6.810165316012356, 6.934299209041552, 7.059500861446341, 7.185782898261336, 7.313158121359684, 7.441639511993416, 7.5712402333593625, 7.701973633190647, 7.833853246372753, 7.966892797583869, 8.101106203958846, 8.236507577775544, 8.373111229163646, 8.510931668834107, 8.649983610829018, 8.790281975290304, 8.931841891246567, 9.074678699416513, 9.218807955027776, 9.364245430649847, 9.51100711903911, 9.659109235995095, 9.80856822322531, 9.95940075121751, 10.111623722116938, 10.265254272606445, 10.42030977678724, 10.576807849057849, 10.73476634698845, 10.894203374188123, 11.055137283161507, 11.217586678152358, 11.381570417970028, 11.547107618795824, 11.714217656964909, 11.882920171720329, 12.053235067934466, 12.225182518793591, 12.398782968440898, 12.574057134572493, 12.751026010982029, 12.929710870047026, 13.110133265152198, 13.292315033043018, 13.47627829610266, 13.662045464546077, 13.84963923852346, 14.039082610125575, 14.230398865282726, 14.423611585549452, 14.618744649765135, 14.815822235582147, 15.014868820851007, 15.215909184852618, 15.418968409366775, 15.624071879565564, 15.83124528471984, 16.04051461870645, 16.251906180303187, 16.465446573257985, 16.681162706118222, 16.899081791805063, 17.119231346917974, 17.341639190752783, 17.566333444016582, 17.79334252722233, 18.02269515874453, 18.254420352517165, 18.488547415354336, 18.725105943872617, 18.964125820994713, 19.205637212011247, 19.44967056017863, 19.696256581828944, 19.945426260967018, 20.1972108433298, 20.45164182988132, 20.70875096971591, 20.96857025234255, 21.23113189932023, 21.49646835521553, 21.764612277851516, 22.035596527816324, 22.309454157199415, 22.586218397522444, 22.86592264683074, 23.14860045591078, 23.434285513598834, 23.723011631143876, 24.014812725589202, 24.309722802134907, 24.607775935443804, 24.909006249852638, 25.21344789845039, 25.521135040984678, 25.83210182055767, 26.146382339072645, 26.464010631392327, 26.78502063817063, 27.10944617731955, 27.437320914073716, 27.76867832961553, 28.103551688225192, 28.441974002920595, 28.783977999553546, 29.129596079330465, 29.47886027972759, 29.831802233772272, 30.188453127665397, 30.548843656721324, 30.91300397960606, 31.28096367085672, 31.652751671669897, 32.02839623894959
[22], 3.894297785455948, 3.995452554481249, 4.097416136256398, 4.200197616723021, 4.303806207116472, 4.408251245881569, 4.513542200616601, 4.61968867004573, 4.726700386020248, 4.8345872155485825, 4.943359162855465, 5.053026371470159, 5.163599126344651, 5.275087856000865, 5.38750313470819, 5.500855684690281, 5.615156378362462, 5.730416240598749, 5.846646451029154, 5.9638583463671875, 6.0820634227674635, 6.201273338213408, 6.321499914935217, 6.442755141857685, 6.565051177077989, 6.688400350373288, 6.812815165737783, 6.938308303949329, 7.064892625164662, 7.192581171544069, 7.321387169903746, 7.451324034396643, 7.582405369220472, 7.714644971352819, 7.848056833312775, 7.982655145947794, 8.118454301246208, 8.25546889517326, 8.393713730530981, 8.53320381984, 8.673954388242912, 8.815980876427687, 8.959298943569992, 9.103924470293087, 9.249873561643964, 9.39716255008398, 9.545807998492295, 9.695826703180684, 9.847235696917092, 10.00005225195679, 10.154293883077987, 10.309978350620058, 10.46712366352188, 10.625748082357214, 10.785870122364457, 10.947508556467913, 11.110682418286828, 11.275411005128996, 11.44171388096546, 11.609610879381794, 11.779122106502394, 11.950267943882915, 12.123069051366729, 12.297546369899592, 12.473721124298438, 12.651614825967554, 12.831249275557246, 13.01264656555833, 13.195829082826137, 13.38081951102691, 13.56764083299969, 13.756316333025751, 13.946869598997866, 14.139324524480525, 14.333705310652606, 14.530036468122894, 14.72834281860873, 14.92864949646745, 15.130981950069632, 15.335365943003122, 15.541827555095464, 15.750393183242583, 15.961089542030415, 16.173943664136107, 16.38898290049385, 16.606234920210934, 16.82572771021811, 17.04748957463789, 17.27154913385348, 17.49793532326108, 17.72667739168636, 17.9578048994459, 18.191347716033793, 18.427336017411807, 18.66580028288158, 18.906771291516336, 19.150280118128133, 19.396358128746453, 19.645036975582645, 19.896348591454213, 20.15032518364116, 20.40699922714699, 20.66640345733477, 20.92857086190825, 21.19353467220757, 21.46132835378704, 21.73198559624244, 22.005540302254424, 22.282026575812694, 22.561478709586062, 22.843931171401696, 23.129418589796437, 23.417975738602276, 23.709637520527153, 24.00443894969182, 24.302415133082878, 24.603601250880995, 24.908032535623864, 25.21574425016205, 25.5267716643666, 25.841150030545833, 26.158914557530228, 26.480100383383167, 26.804742546696293, 27.132875956428272, 27.464535360246433, 27.799755311331875, 28.13857013360897, 28.48101388536207, 28.827120321203605, 29.17692285235874, 29.530454505235216, 29.887747878247833, 30.248835096870764, 30.61374776689317, 30.982516925857464, 31.35517299266305, 31.731745715322056
[23], 3.666474377796287, 3.7668976514246095, 3.8681267416358205, 3.970170746901633, 4.073038892093125, 4.1767405304363505, 4.281285145497456, 4.3866823531975605, 4.492941903857868, 4.600073684274841, 4.708087719826067, 4.8169941766069675, 4.926803363598292, 5.037525734865074, 5.1491718917866836, 5.261752585318888, 5.375278718287082, 5.489761347711862, 5.605211687166322, 5.721641109165441, 5.8390611475875795, 5.957483500128389, 6.076920030786383, 6.197382772381268, 6.318883929103989, 6.441435879098909, 6.565051177077989, 6.689742556966562, 6.81552293458084, 6.942405410336432, 7.070403271988323, 7.199529997400936, 7.329799257349108, 7.461224918348269, 7.593821045514353, 7.727601905452197, 7.862581969172233, 7.998775915034261, 8.136198631718063, 8.274865221219507, 8.414791001871563, 8.555991511388845, 8.698482509934893, 8.842279983210506, 8.987400145562335, 9.133859443109698, 9.281674556888495, 9.430862406010194, 9.58144015083438, 9.733425196152528, 9.886835194381126, 10.041688048761817, 10.198001916566177, 10.355795212302336, 10.515086610920783, 10.675895051016681, 10.838239738024784, 11.0021401474044, 11.167616027810165, 11.33468740424526, 11.503374581192736, 11.673698145720703, 11.84567897055673, 12.019338217126945, 12.194697338554043, 12.371778082609566, 12.55060249461373, 12.731192920277776, 12.913572008481356, 13.09776271397891, 13.283788300027503, 13.471672340928462, 13.661438724475042, 13.853111654297669, 14.0467156520974, 14.242275559759143, 14.439816541333844, 14.639364084880008, 14.84094400415318, 15.044582440132313, 15.25030586237079, 15.458141070159636, 15.668115193489623, 15.880255693798432, 16.09459036448851, 16.311147331200278, 16.529955051824636, 16.75104231623863, 16.974438245746477, 17.200172292207803, 17.42827423683446, 17.65877418863583, 17.891702582492098, 18.127090176834017, 18.364968050906818, 18.60536760159491, 18.848320539783128, 19.093858886229498, 19.34201496692327, 19.592821407901138, 19.846311129493543, 20.10251733997201, 20.361473528567227, 20.623213457826978, 20.887771155281538, 21.15518090438343, 21.42547723468722, 21.698694911234387, 21.974868923106655, 22.254034471110895, 22.536226954557243, 22.821481957091276, 23.10983523154056, 23.4013226837341, 23.69598035525377, 23.993844405074622, 24.294951090051477, 24.59933674420783, 24.907037756783005, 25.218090548992734, 25.532531549458707, 25.85039716826143, 26.17172376957161, 26.496547642815028, 26.82490497232601, 27.156831805445453, 27.492364019019416, 27.83153728425604, 28.174387029898686, 28.520948403675355, 28.87125623198563, 29.22534497778846, 29.58324869665634, 29.94500099096394, 30.310634962182533, 30.680183161254007, 31.05367753702316, 31.431149382710032
[24], 3.4378541479810596, 3.5375369525298295, 3.6380224530263447, 3.739319758546186, 3.8414381056405733, 3.9443868603316177, 4.048175520138486, 4.1528137161342515, 4.258311215034811, 4.3646779213188855, 4.471923879380391, 4.58005927571315, 4.689094441128068, 4.799039853002856, 4.909906137565386, 5.021704072209749, 5.134444587846249, 5.248138771284709, 5.362797867651845, 5.478433282842557, 5.595056586005395, 5.712679512062111, 5.831313964261658, 5.9509720167684055, 6.071665917284817, 6.193408089708396, 6.316211136822927, 6.440087843023875, 6.565051177077989, 6.691114294916646, 6.81829054246298, 6.946593458492391, 7.0760367775261, 7.20663443275755, 7.338400559010994, 7.471349495731949, 7.605495790008902, 7.740854199625525, 7.87743969614301, 8.015267468011418, 8.154352923709167, 8.294711694910278, 8.436359639677345, 8.579312845680079, 8.723587633437518, 8.869200559582923, 9.016168420149402, 9.164508253875594, 9.314237345528353, 9.465373229241884, 9.617933691870418, 9.77193677635271, 9.927400785085922, 10.084344283306061, 10.242786102473247, 10.40274534365769, 10.564241380924328, 10.727293864712314, 10.891922725206213, 11.058148175694685, 11.225990715913557, 11.395471135367927, 11.566610516629988, 11.73943023860691, 11.913951979774344, 12.090197721369853, 12.268189750540438, 12.447950663439, 12.629503368262048, 12.812871088223213, 12.998077364454453, 13.185146058828085, 13.374101356691385, 13.564967769505225, 13.757770137378431, 13.952533631487873, 14.149283756374883, 14.348046352107664, 14.548847596298387, 14.75171400596403, 14.956672439218375, 15.16375009678315, 15.372974523304233, 15.584373608459664, 15.797975587844357, 16.013809043616238, 16.23190290488803, 16.452286447847342, 16.674989295587764, 16.9000414176324, 17.127473129130582, 17.3573150897075, 17.589598301945998, 17.824354109478076, 18.061614194663754, 18.301410575833174, 18.543775604066855, 18.788741959488856, 19.036342647045405, 19.286610991741174, 19.539580633304794, 19.795285520252335, 20.053759903319033, 20.315038328225693, 20.579155627747284, 20.84614691304881, 21.116047564252792, 21.388893220201954, 21.664719767378774, 21.94356332794361, 22.225460246850563, 22.510447078000826, 22.7985605693909, 23.089837647212526, 23.384315398861084, 23.682031054806266, 23.983021969280827, 24.287325599739436, 24.594979485041883, 24.906021222311885, 25.22048844242394, 25.538418784069645, 25.859849866354782, 26.184819259878335, 26.51336445624515, 26.8455228359637, 27.181331634681403, 27.52082790771016, 27.86404849279649, 28.211029971090973, 28.561808626274043, 28.916420401796344, 29.274900856194503, 29.637285116445238, 30.003607829323965, 30.373903110736922, 30.748204492999733, 31.126544870039634
[25], 3.208440226377881, 3.307373578604947, 3.407106380638707, 3.507647750193839, 3.6090069335065826, 3.711193307369245, 3.8142163811967515, 3.9180857991258096, 4.022811342146618, 4.128402930267859, 4.234870624715351, 4.342224630164189, 4.450475297005334, 4.5596331236464, 4.6697087588473, 4.780713004090858, 4.892656815988728, 5.005551308722662, 5.119407756521784, 5.2342375961755, 5.35005242958289, 5.4668640263379515, 5.584684326351735, 5.703525442510721, 5.823399663371927, 5.944319455894643, 6.066297468209041, 6.189346532421196, 6.313479667454952, 6.438710081930295, 6.565051177077989, 6.692516549690651, 6.821119995109563, 6.9508755102474815, 7.081797296646415, 7.213899763570756, 7.347197531134654, 7.4817054334632855, 7.617438521887733, 7.754412068172433, 7.892641567774229, 8.032142743132917, 8.17293154699173, 8.315024165746705, 8.458437022824256, 8.60318678208537, 8.74929035125497, 8.896764885375266, 9.045627790281209, 9.195896726096684, 9.347589610748798, 9.500724623499154, 9.655320208489256, 9.811395078297847, 9.968968217507708, 10.128058886279105, 10.288686623927036, 10.450871252498862, 10.614632880349365, 10.779991905709387, 10.946969020244186, 11.115585212597606, 11.285861771917522, 11.457820291357923, 11.631482671552998, 11.806871124057558, 11.984008174748313, 12.16291666718054, 12.343619765893273, 12.52614095965659, 12.710504064654144, 12.896733227593312, 13.08485292873497, 13.274887984834915, 13.466863551987748, 13.660805128364151, 13.85673855683185, 14.054690027449523, 14.254686079823255, 14.456753605313677, 14.660919849081997, 14.86721241196184, 15.075659252143906, 15.286288686659258, 15.499129392646289, 15.714210408386117, 15.931561134090115, 16.151211332422257, 16.37319112873885, 16.597531011026366, 16.82426182951838, 17.05341479597065, 17.28502148257312, 17.519113820476328, 17.755724097908953, 17.99488495786203, 18.236629395314363, 18.48099075397269, 18.728002722498893, 18.977699330195595, 19.230114942120338, 19.48528425359719, 19.74324228409357, 20.004024370429114, 20.267666159281713, 20.534203598955163, 20.803672930371015, 21.07611067724706, 21.351553635421983, 21.6300388612866, 21.911603659278875, 22.196285568400196, 22.484122347708432, 22.775151960742694, 23.069412558833005, 23.36694246324773, 23.667780146130358, 23.97196421017598, 24.279533366997846, 24.590526414132636, 24.90498221063336, 25.222939651197503, 25.54443763877871, 25.869515055628522, 26.19821073271649, 26.53056341747568, 26.866611739821437, 27.206394176391964, 27.54994901296017, 27.897314304966553, 28.24852783612541, 28.60362707505719, 28.962649129902832, 29.32563070087739, 29.692608030723793, 30.06361685303007, 30.438692338377592, 30.81786903829132
[26], 2.9782358669207727, 3.076410775958923, 3.1753817621491036, 3.2751579498423866, 3.3757485929255937, 3.477163076894658, 3.579410920961504, 3.6825017801944564, 3.786445447693154, 3.891251856797868, 3.99693108333395, 4.103493347891381, 4.210949018140413, 4.319308611182917, 4.428582795940343, 4.538782395578349, 4.6499183899686205, 4.762001918187825, 4.875044281054343, 4.9890569437030186, 5.104051538197842, 5.220039866183313, 5.3370339015740464, 5.455045793283559, 5.5740878679916035, 5.694172632950849, 5.815312778832686, 5.93752118261191, 6.060810910491156, 6.18519522086421, 6.310687567318499, 6.437301601676848, 6.565051177077989, 6.693950351095794, 6.824013388897106, 6.955254766437662, 7.087689173695702, 7.221331517943157, 7.356196927053496, 7.492300752845998, 7.629658574465431, 7.7682862017968475, 7.9081996789142766, 8.049415287562407, 8.191949550670751, 8.335819235898303, 8.481041359208081, 8.627633188470156, 8.77561224709138, 8.924996317670203, 9.07580344567524, 9.228051943145136, 9.381760392407946, 9.536947649817836, 9.693632849506377, 9.851835407146217, 10.011575023723967, 10.17287168931969, 10.33574568688914, 10.500217596046204, 10.666308296840818, 10.83403897352929, 11.003431118332136, 11.174506535175421, 11.347287343410486, 11.521795981506854, 11.698055210713532, 11.876088118681915, 12.055918123044826, 12.237568974945201, 12.421064762506942, 12.606429914241163, 12.793689202379687, 12.98286774612764, 13.173991014826449, 13.367084831018156, 13.562175373400857, 13.759289179665537, 13.958453149202937, 14.159694545669442, 14.363040999399242, 14.568520509651023, 14.776161446674664, 14.985992553584513, 15.198042948024437, 15.412342123608449, 15.628919951121107, 15.847806679460072, 16.069032936302992, 16.29262972847958, 16.51862844202897, 16.74706084192171, 16.977959071424554, 17.21135565108495, 17.44728347731177, 17.685775820527162, 17.926866322863454, 18.170588995377994, 18.41697821475775, 18.666068719483995, 18.91789560542626, 19.17249432083407, 19.4299006606925, 19.690150760407985, 19.953281088787577, 20.219328440275437, 20.48832992640742, 20.760322966444573, 21.035345277143872, 21.313434861624263, 21.594629997283928, 21.878969222723743, 22.16649132363074, 22.45723531757351, 22.751240437661348, 23.04854611501633, 23.34919196000769, 23.6532177421961, 23.960663368934252, 24.27156886257041, 24.58597433619891, 24.90391996790307, 25.22544597343353, 25.5505925772657, 25.879399981979727, 26.21190833590577, 26.548157698977978, 26.88818800674091, 27.232039032452786, 27.579750347230156, 27.931361278181164, 28.28691086447488, 28.646437811296227, 29.009980441638845, 29.377576645890365, 29.749263829167724, 30.125078856363494, 30.505057994868835
[27], 2.74724444808092, 2.844651917409187, 2.942851963744781, 3.0418537160349044, 3.141666433743723, 3.242299508964124, 3.343762468564365, 3.4460649763698292, 3.549216835380206, 3.6532279900230504, 3.758108528443532, 3.8638686848312744, 3.9705188417842985, 4.078069532710874, 4.186531444269386, 4.295915418846729, 4.406232457075546, 4.517493720390657, 4.629710533625211, 4.7428943876466185, 4.8570569420327825, 4.972210027788768, 5.088365650104244, 5.20553599115222, 5.3237334129287195, 5.442970460134058, 5.563259863095772, 5.684614540733356, 5.8070476035648015, 5.930572356755017, 6.055202303206542, 6.180951146691753, 6.307832795027496, 6.435861363291023, 6.565051177077989, 6.695416775801643, 6.826972916033252, 6.959734574883417, 7.093716953423735, 7.228935480148388, 7.36540581447522, 7.503143850285699, 7.642165719502631, 7.78248779570538, 7.924126697781327, 8.067099293612713, 8.21142270379759, 8.357114305403911, 8.504191735755004, 8.652672896245326, 8.802575956184597, 8.953919356668779, 9.106721814475454, 9.261002325982405, 9.416780171105893, 9.574074917257459, 9.732906423315589, 9.893294843609834, 10.055260631914253, 10.218824545446866, 10.384007648871481, 10.550831318298115, 10.719317245277956, 10.88948744078851, 11.061364239204172, 11.234970302247524, 11.410328622915452, 11.587462529375319, 11.766395688824229, 11.947152111305629, 12.129756153476277, 12.314232522316123, 12.500606278773827, 12.688902841339264, 12.87914798953496, 13.071367867316892, 13.265588986375118, 13.46183822932399, 13.660142852771203, 13.860530490254197, 14.063029155031769, 14.26766724271827, 14.47447353374694, 14.683477195648091, 14.89470778512743, 15.108195249928688, 15.323969930463953, 15.542062561194635, 15.762504271744394, 15.985326587725172, 16.210561431256107, 16.438241121154032, 16.66839837277392, 16.901066297475303, 17.136278401691097, 17.37406858557311, 17.614471141187536, 17.857520750232926, 18.103252481251616, 18.35170178630399, 18.602904497074586, 18.856896820376743, 19.113715333021826, 19.373396976017283, 19.635979048056633, 19.90149919826304, 20.169995418146478, 20.441506032733304, 20.71606969082547, 20.99372535434533, 21.274512286720036, 21.558470040258687, 21.84563844247362, 22.136057581295784, 22.429767789132892, 22.726809625717685, 23.027223859692203, 23.33105144887268, 23.638333519138968, 23.94911134189073, 24.263426310011695, 24.581319912283128, 24.902833706185614, 25.22800928902914, 25.55688826734964, 25.88951222451095, 26.225922686450367, 26.566161085506604, 26.910268722269183, 27.258286725388928, 27.610256009290282, 27.966217229727768, 28.326210737129852, 28.69027652767648, 29.05845419205832, 29.430782861868785, 29.807301153583865, 30.18804711008764
[28], 2.515469473806588, 2.612100503257792, 2.709520481137819, 2.807738538912616, 2.906763939511855, 3.0066060794789373, 3.1072744911568204, 3.208778844910541, 3.3111289513867064, 3.414334763810236, 3.5184063803195764, 3.6233540463398257, 3.7291881569951992, 3.8359192595605243, 3.9435580559528085, 4.052115405262963, 4.161602326328085, 4.272030000345307, 4.383409773526522, 4.495753159795597, 4.609071843527613, 4.723377682330712, 4.838682709871291, 4.954999138741946, 5.072339363373744, 5.190715962991666, 5.3101417046148915, 5.430629546100971, 5.552192639234675, 5.674844332861711, 5.798598176067059, 5.923467921398429, 6.049467528134448, 6.176611165597927, 6.304913216514023, 6.434388280413073, 6.565051177077989, 6.696916950036273, 6.830000870095853, 6.964318438924739, 7.099885392673921, 7.236717705643183, 7.374831593988884, 7.51424351947333, 7.654970193254844, 7.797028579717694, 7.9404359003407885, 8.085209637603983, 8.231367538931233, 8.378927620668472, 8.527908172095438, 8.678327759469278, 8.830205230098711, 8.983559716445821, 9.138410640254806, 9.294777716703791, 9.452680958578377, 9.612140680463721, 9.773177502952125, 9.935812356863373, 10.100066487473937, 10.265961458751866, 10.433519157593084, 10.602761798055115, 10.77371192558348, 10.946392421226264, 11.120826505831579, 11.29703774422216, 11.475050049341617, 11.654887686365862, 11.836575276773187, 12.020137802365728, 12.205600609234802, 12.392989411662276, 12.582330295949273, 12.773649724163443, 12.96697453779465, 13.162331961309729, 13.359749605594947, 13.559255471275053, 13.760877951896955, 13.964645836965094, 14.17058831481529, 14.378734975312897, 14.589115812360173, 14.801761226197193, 15.016702025479749, 15.233969429116737, 15.453595067848429, 15.67561098554666, 15.900049640216212, 16.126943904676224, 16.35632706689913, 16.58823282998352, 16.822695311736563, 17.05974904383945, 17.299428970569462, 17.54177044705007, 17.786809236999176, 18.034581509944893, 18.285123837876302, 18.538473191295516, 18.794666934635842, 19.05374282100943, 19.315738986246075, 19.580693942183878, 19.84864656917016, 20.119636107730024, 20.393702149358145, 20.670884626387874, 20.951223800890126, 21.2347602525526, 21.521534865489024, 21.811588813925685, 22.10496354671158, 22.40170077059663, 22.701842432221166, 23.005430698758158, 23.31250793714867, 23.62311669186948, 23.937299661170393, 24.255099671718444, 24.576559651584162, 24.901722601505146, 25.23063156436094, 25.563329592793252, 25.89985971490439, 26.24026489796778, 26.584588010083934, 26.932871779715864, 27.28515875303858, 27.64149124903904, 28.00191131230313, 28.3664606634298, 28.735180647012903, 29.108112177135865, 29.48529568032606, 29.86677103592058
[29], 2.2829145744305475, 2.378760162234738, 2.4753909405457315, 2.5728160412338132, 2.6710447285444125, 2.7700864012855613, 2.8699505950526016, 2.97064698449091, 3.072185385596965, 3.1745757580583693, 3.27782820763344, 3.3819529885706445, 3.4869605060687436, 3.5928613187777545, 3.6996661413416376, 3.8073858469829664, 3.9160314701299153, 4.025614209086753, 4.136145428747316, 4.247636663352623, 4.360099619293072, 4.473546177955116, 4.5879883986133745, 4.7034385213684, 4.819908970130344, 4.937412355649135, 5.0559614785911915, 5.1755693326632155, 5.296249107783226, 5.418014193299257, 5.540878181255509, 5.6648548697065575, 5.789958266079717, 5.916202590585197, 6.043602279674697, 6.172171989548123, 6.301926599708188, 6.432881216563306, 6.565051177077989, 6.698452052471037, 6.833099651960808, 6.969010026557431, 7.10619947290128, 7.244684537147397, 7.384482018895102, 7.5256089751616555, 7.668082724400188, 7.81192085055941, 7.957141207185537, 8.10376192156398, 8.251801398900453, 8.40127832653918, 8.552211678217198, 8.704620718352489, 8.858525006364472, 9.013944401023949, 9.170899064831264, 9.329409468418872, 9.48949639497651, 9.651180944695776, 9.814484539230396, 9.9794289261694, 10.146036183519104, 10.31432872418964, 10.484329300482269, 10.656061008572431, 10.829547292983591, 11.004811951046655, 11.181879137339243, 11.360773368098503, 11.541519525601593, 11.724142862505948, 11.908669006142874, 12.095123962755977, 12.283534121676347, 12.473926259425546, 12.666327543736973, 12.86076553748551, 13.057268202514912, 13.255863903351539, 13.456581410792728, 13.659449905356722, 13.864498980581448, 14.071758646157235, 14.281259330879127, 14.493031885402827, 14.707107584787407, 14.923518130807619, 15.14229565401694, 15.363472715542057, 15.587082308588265, 15.813157859634083, 16.041733229292422, 16.272842712814487, 16.50652104021132, 16.742803375966897, 16.981725318314684, 17.22332289804944, 17.467632576843574, 17.714691245036516, 17.96453621886402, 18.217205237092646, 18.472736457023725, 18.731168449828488, 18.99254019517566, 19.256891075110218, 19.52426086714084, 19.794689736491897, 20.06821822747373, 20.344887253923773, 20.624738088668824, 20.907812351957304, 21.194151998808827, 21.48379930522564, 21.776796853210254, 22.073187514530627, 22.373014433173143, 22.676321006421865, 22.98315086450121, 23.293547848717004, 23.607555988030388, 23.925219473996982, 24.24658263400265, 24.571689902726668, 24.900585791761074, 25.233314857315698, 25.56992166593625, 25.910450758164, 26.254946610064138, 26.603453592551524, 26.956015928441616, 27.31267764715635, 27.673482537015474, 28.03847409504549, 28.407695474240228, 28.781189428210478, 29.15899825316195, 29.541163727145474
[30], 2.0495835075441935, 2.14463465240807, 2.2404670996380784, 2.3370899793585074, 2.434512554943237, 2.5327442252402217, 2.6317945268345673, 2.731673136350972, 2.832389872795865, 2.9339546999400703, 3.0363777287423668, 3.1396692198146448, 3.2438395859291536, 3.348899394568691, 3.454859370519523, 3.561730398508747, 3.66952352588558, 3.778249965347801, 3.8879210977135967, 3.9985484747393008, 4.110143821983752, 4.222719041719672, 4.336286215892343, 4.450857609126532, 4.566445671781554, 4.683063043055437, 4.80072255413808, 4.919437231414397, 5.039220299717139, 5.160085185630341, 5.282045520843204, 5.405115145555125, 5.52930811193158, 5.654638687611773, 5.781121359267291, 5.908770836212822, 6.037602054068071, 6.167630178471829, 6.298870608847044, 6.431338982217935, 6.565051177077989, 6.7000233173089585, 6.83627177615083, 6.973813180221793, 7.112664413587845, 7.252842621881845, 7.394365216470645, 7.537249878670089, 7.681514564006451, 7.827177506523566, 7.97425722313436, 8.122772518015717, 8.272742487044441, 8.424186522273692, 8.577124316447433, 8.731575867551081, 8.887561483396228, 9.045101786237128, 9.204217717415986, 9.364930542035097, 9.52726185365182, 9.691233578993618, 9.856867982689595, 10.024187672014644, 10.193215601641908, 10.363975078399385, 10.536489766025543, 10.710783689919216, 10.886881241877868, 11.064807184818699, 11.244586657475821, 11.426245179067354, 11.609808653924683, 11.79530337607645, 11.982756033779093, 12.172193713985164, 12.363643906740133, 12.55713450949771, 12.752693831343288, 12.95035059711453, 13.150133951406815, 13.352073462451392, 13.556199125852798, 13.76254136817145, 13.971131050336593, 14.181999470873793, 14.395178368930056, 14.61069992707968, 14.828596773891384, 15.048901986237805, 15.271649091326394, 15.496872068429788, 15.724605350293347, 15.954883824194864, 16.1877428326319, 16.423218173609456, 16.661346100500477, 16.902163321449446, 17.145706998288404, 17.392014744932965, 17.64112462522493, 17.89307515018531, 18.147905274641584, 18.405654393189803, 18.666362335451705, 18.930069360584227, 19.196816150997883, 19.466643805238018, 19.739593829981303, 20.015708131098396, 20.29502900373079, 20.577599121329296, 20.863461523598176, 21.152659603288463, 21.44523709178105, 21.741238043398674, 22.040706818383942, 22.343688064478762, 22.650226697038576, 22.960367877613326, 23.274156990924837, 23.591639620169843, 23.912861520574847, 24.237868591129228, 24.566706844420832, 24.89942237449727, 25.236061322676132, 25.576669841225897, 25.921294054839016, 26.26998001981935, 26.622773680905254, 26.979720825651146, 27.34086703629079, 27.706257639006807, 28.075937650533632, 28.44995172202194, 28.82834408009688, 29.211158465045095
[31], 1.8154801588373881, 1.909727862058022, 2.004752848447198, 2.100564244196844, 2.1971713095849386, 2.294583441236305, 2.3928101744236243, 2.491861185408784, 2.591746293825646, 2.6924754651047254, 2.7940588129402038, 2.8965066018002052, 2.9998292494807015, 3.104037329703849, 3.2091415747614374, 3.3151528782037287, 3.422082297574609, 3.529941057193706, 3.6387405509857897, 3.7484923453581764, 3.8592081821270976, 3.9708999814926615, 4.083579845064224, 4.197260058935575, 4.311953096811224, 4.427671623184024, 4.544428496564557, 4.662236772762961, 4.781109708223415, 4.90106076341202, 5.022103606258161, 5.144252115649909, 5.267520384983721, 5.391922725768724, 5.517473671286009, 5.644187980302825, 5.772080640842104, 5.9011668740075915, 6.031462137863877, 6.162982131372387, 6.295742798382503, 6.429760331677885, 6.565051177077989, 6.701632037594187, 6.839519877640313, 6.978731927297352, 7.11928568663093, 7.261198930062238, 7.404489710790297, 7.549176365265523, 7.695277517713344, 7.842812084706563, 7.991799279785254, 8.142258618122966, 8.294209921237302, 8.447673321742972, 8.602669268146121, 8.759218529676678, 8.917342201157137, 9.07706170790476, 9.238398810664828, 9.401375610571023, 9.566014554130618, 9.732338438229917, 9.900370415156614, 10.07013399763469, 10.241653063866883, 10.414951862580702, 10.590055018071395, 10.76698753523762, 10.945774804602463, 11.126442607314038, 11.309017120118446, 11.493524920297352, 11.679992990562795, 11.868448723899839, 12.058919928348889, 12.251434831717082, 12.446022086209148, 12.642710772966394, 12.841530406501818, 13.04251093901992, 13.24568276460681, 13.451076723277454, 13.658724104865085, 13.868656652736796, 14.080906567318907, 14.295506509414677, 14.512489603295203, 14.73188943954463, 14.953740077638043, 15.1780760482311, 15.404932355137346, 15.634344476969538, 15.866348368419239, 16.100980461147323, 16.33827766425735, 16.578277364322176, 16.821017424931593, 17.066536185729305, 17.31487246090361, 17.566065537096467, 17.82015517069252, 18.07718158444862, 18.337185463422585, 18.600207950157447, 18.866290639076343, 19.135475570040665, 19.407805221022432, 19.683322499839566, 19.96207073490092, 20.24409366490566, 20.529435427439733, 20.818140546409676, 21.110253918252337, 21.405820796856325, 21.70488677713002, 22.007497777147552, 22.31370001880289, 22.6235400069005, 22.937064506608053, 23.254320519195872, 23.57535525598548, 23.90021611042825, 24.228950628233253, 24.56160647546284, 24.898231404512643, 25.238873217891967, 25.583579729720274, 25.93239872485422, 26.28537791556084, 26.642564895651176, 27.00400709199102, 27.369751713304687, 27.739845696191107, 28.114335648271798, 28.49326778839429, 28.876687883816825
[32], 1.5806085429020236, 1.674043810515792, 1.768252210242426, 1.8632428621201151, 1.9590250210701747, 2.055608079193584, 2.153001568109051, 2.2512151613331097, 2.350258676702609, 2.450142078840736, 2.55087548166696, 2.6524691509517258, 2.7549335069165215, 2.8582791268797196, 2.962516747949665, 3.0676572697647604, 3.1737117572816205, 3.2806914436124024, 3.388607732910997, 3.4974722033098744, 3.607296609907211, 3.7180928878056934, 3.8298731552033307, 3.9426497165369105, 4.056435065678584, 4.171241889186671, 4.287083069610745, 4.403971688851615, 4.521921031577221, 4.6409445886943965, 4.761056060877406, 4.882269362153265, 5.004598623545107, 5.12805819677292, 5.252662658012944, 5.378426811715524, 5.5053656944819584, 5.633494579000494, 5.762828978041616, 5.893384648512796, 6.025177595572878, 6.158224076805916, 6.292540606454613, 6.428143959712928, 6.565051177077989, 6.703279568760736, 6.842846719155106, 6.983770491364854, 7.12606903178811, 7.269760774758158, 7.414864447240254, 7.561399073582919, 7.709383980323191, 7.858838801044127, 8.009783481283257, 8.162238283490366, 8.316223792033119, 8.47176091824804, 8.628870905534942, 8.787575334492745, 8.947896128093282, 9.109855556891084, 9.273476244265161, 9.438781171690247, 9.605793684033085, 9.774537494869987, 9.945036691821539, 10.11731574189952, 10.291399496860686, 10.467313198562865, 10.64508248431631, 10.824733392225063, 11.006292366510808, 11.189786262812323, 11.375242353452721, 11.56268833266593, 11.752152321773961, 11.943662874304836, 12.137248981041777, 12.332940074992129, 12.530766036265051, 12.73075719684556, 12.932944345251574, 13.137358731060756, 13.344032069291817, 13.552996544625117, 13.764284815445624, 13.977930017691115, 14.193965768486702, 14.412426169546128, 14.633345810319078, 14.856759770862515, 15.082703624412606, 15.31121343963319, 15.542325782514446, 15.776077717894646, 16.012506810576557, 16.25165112600772, 16.49354923049348, 16.738240190908485, 16.985763573872497, 17.236159444352623, 17.489468363654204, 17.74573138675907, 18.004990058969174, 18.267286411810957, 18.532662958153786, 18.801162686494322, 19.072829054355704, 19.3477059807489, 19.625837837641036, 19.907269440373415, 20.19204603696951, 20.480213296271163, 20.77181729483835, 21.066904502546606, 21.365521766812414, 21.667716295375723, 21.973535637566425, 22.28302766397796, 22.596240544471485, 22.913222724429232, 23.234022899175766, 23.558689986482666, 23.887273097071034, 24.219821503023958, 24.556384604020465, 24.89701189130019, 25.241752909268104, 25.59065721464667, 25.943774333083592, 26.30115371312229, 26.66284467744285, 27.028896371282112, 27.39935770794252, 27.77427731130078, 28.153703455230467, 28.53768399985439
[33], 1.3449728039990942, 1.4375866489641265, 1.5309693423659703, 1.6251299958332248, 1.7200778566338748, 1.8158223100071458, 1.9123728815380803, 2.009739239575193, 2.107931197692448, 2.206958717195867, 2.306831909675709, 2.407561039604829, 2.5091565269841896, 2.6116289500358207, 2.7149890479444867, 2.81924772364848, 2.924416046680342, 3.0305052560582406, 3.1375267632288746, 3.2454921550624607, 3.354413196900573, 3.464301835657866, 3.5751702029776227, 3.687030618442941, 3.7998955928431637, 3.913777831497051, 4.028690237633046, 4.1446459158271, 4.261658175499121, 4.379740534468243, 4.4989067225681065, 4.619170685321845, 4.740546587678271, 4.863048817808972, 4.986691990967498, 5.111490953410528, 5.23746078638175, 5.3646168101586795, 5.492974588162847, 5.622549931133473, 5.753358901365018, 5.885417817008556, 6.018743256437207, 6.1533520626756, 6.289261347893468, 6.426488497962616, 6.565051177077989, 6.704967332441613, 6.846255199009553, 6.988933304301175, 7.133020473269841, 7.278535833234554, 7.425498818871517, 7.573929177264501, 7.723846973012865, 7.8752725933957315, 8.028226753590745, 8.182730501946113, 8.338805225303062, 8.496472654367498, 8.655754869127863, 8.816674304316734, 8.979253754913431, 9.143516381683993, 9.309485716755788, 9.477185669222225, 9.646640530773974, 9.817874981352047, 9.990914094818075, 10.16578334463625, 10.342508609561815, 10.521116179329487, 10.701632760335881, 10.884085481308256, 11.06850189895274, 11.254910003573455, 11.443338224654198, 11.63381543639313, 11.826370963180834, 12.02103458501116, 12.217836542813203, 12.416807543692986, 12.617978766071147, 12.821381864704023, 13.02704897557254, 13.235012720624292, 13.44530621235171, 13.657963058189319, 13.873017364711353, 14.090503741610284, 14.310457305435206, 14.532913683068191, 14.757909014915528, 14.985479957788822, 15.215663687450174, 15.448497900794093, 15.684020817636625, 15.922271182081845, 16.16328826343281, 16.4071118566136, 16.653782282066373, 16.903340385086032, 17.15582753455312, 17.411285621023456, 17.669757054131107, 17.931284759259206, 18.195912173430667, 18.46368324036933, 18.734642404679008, 19.008834605085777, 19.28630526668716, 19.567100292148183, 19.851266051783025, 20.13884937245771, 20.429897525246876, 20.72445821177543, 21.022579549173052, 21.32431005356692, 21.629698622035587, 21.938794512944515, 22.25164732458096, 22.56830697200394, 22.888823662021927, 23.21324786620984, 23.541630291873236, 23.874021850867166, 24.210473626174, 24.55103683614383, 24.895762796299383, 25.24470287860584, 25.59790846810578, 25.95543091681856, 26.317321494803533, 26.68363133828652, 27.05441139475023, 27.429712364890236, 27.80958464134011, 28.194078244071996
[34], 1.1085772167874508, 1.200360661199381, 1.2929085370295015, 1.3862299452069498, 1.4803341230146514, 1.5752304464558065, 1.6709284326639349, 1.7674377423578587, 1.8647681823421767, 1.9629297080536932, 2.0619324261551477, 2.1617865971765773, 2.262502638205377, 2.364091125625777, 2.46656279790829, 2.5699285584505573, 2.6741994784696694, 2.779386799947155, 2.8855019386275322, 2.9925564870710573, 3.100562217761428, 3.2095310862692705, 3.3194752344725598, 3.430406993834046, 3.5423388887373735, 3.655283639881625, 3.7692541677363183, 3.8842635960562513, 4.000325255457896, 4.117452687057925, 4.235659646174161, 4.354960106089873, 4.475368261882375, 4.596898534315954, 4.719565573800304, 4.843384264414575, 4.968369727998062, 5.09453732830748, 5.221902675241703, 5.3504816291342925, 5.480290305113808, 5.611345077532873, 5.743662584465701, 5.877259732274134, 6.012153700243103, 6.148361945284394, 6.285902206709893, 6.424792511072822, 6.565051177077989, 6.706696820559805, 6.84974835952797, 6.99422501928028, 7.140146337581484, 7.287532169907945, 7.436402694756362, 7.58677841901586, 7.738680183402206, 7.8921291679520795, 8.047146897576216, 8.203755247669246, 8.361976449773959, 8.52183309729813, 8.683348151280489, 8.846544946203448, 9.011447195849495, 9.178078999197101, 9.346464846353149, 9.516629624516922, 9.688598623971762, 9.862397544099025, 10.038052499409163, 10.215590025584273, 10.395037085525582, 10.57642107539945, 10.759769830674443, 10.945111632141643, 11.132475211910242, 11.321889759368648, 11.513384927102345, 11.706990836757415, 11.902738084839397, 12.100657748434935, 12.300781390844225, 12.503141067110583, 12.707769329432548, 12.91469923244373, 13.123964338343665, 13.335598721862745, 13.549636975042453, 13.766114211811901, 13.9850660723392, 14.20652872713642, 14.430538880894346, 14.657133776022611, 14.88635119586875, 15.118229467588886, 15.352807464640813, 15.590124608868269, 15.830220872144263, 16.073136777538906, 16.318913399975518, 16.56759236633698, 16.81921585498218, 17.07382659463034, 17.33146786256899, 17.592183482138687, 17.856017819446286, 18.123015779254708, 18.393222799996362, 18.66668484785364, 18.943448409847893, 19.223560485875634, 19.507068579627965, 19.794020688326697, 20.08446529120736, 20.3784513366775, 20.676028228074326, 20.977245807945025, 21.282154340767725, 21.590804494030778, 21.903247317583347, 22.219534221168324, 22.53971695004623, 22.863847558615294, 23.1919783819311, 23.52416200502648, 23.86045122993036, 24.200899040282017, 24.545558563435357, 24.894483029946468, 25.24772573033667, 25.60533996902143, 25.967379015296107, 26.333896051268763, 26.704944116630355, 27.08057605015443, 27.460844427819005, 27.84580149744563
[35], 0.8714261870130905, 0.9623702643536584, 1.0540742220701578, 1.1465471480692118, 1.2397982672825327, 1.3338369440671218, 1.4286726846502498, 1.524315139620901, 1.6207741064677275, 1.7180595321648413, 1.8161815158061523, 1.915150311288994, 2.0149763300479746, 2.115670143839948, 2.2172424875807626, 2.3197042622351134, 2.423066537759599, 2.5273405561008633, 2.6325377342487273, 2.7386696673458015, 2.845748131854405, 2.9537850887811374, 3.0627926869610693, 3.1727832664009883, 3.2837693616839427, 3.395763705435, 3.5087792318496294, 3.6228290802852348, 3.73792659891673, 3.854085348457255, 3.9713191059445885, 4.089641868593841, 4.209067857717832, 4.3296115227153065, 4.4512875451279665, 4.574110842767108, 4.698096573910244, 4.823260141568647, 4.9496171978262105, 5.077183648250193, 5.205975656374652, 5.336009648256222, 5.46730231710383, 5.599870627981415, 5.733731822585071, 5.868903424093715, 6.005403242094406, 6.1432493775815304, 6.282460228030477, 6.423054492544843, 6.565051177077989, 6.708469599727164, 6.85332939610118, 6.999650524759831, 7.147453272724771, 7.296758261061031, 7.447586450527572, 7.599959147296272, 7.753898008737131, 7.909425049268657, 8.066562646271155, 8.225333546060773, 8.385760869922457, 8.547868120198194, 8.711679186428762, 8.877218351544876, 9.044510298104605, 9.213580114573244, 9.384453301640907, 9.557155778574025, 9.731713889594818, 9.908154410283943, 10.08650455400021, 10.266791978310662, 10.449044791424466, 10.633291558622865, 10.819561308677446, 11.00788354024752, 11.198288228247815, 11.39080583017615, 11.585467292390485, 11.782304056323508, 11.981348064623125, 12.182631767204802, 12.386188127202272, 12.592050626801269, 12.800253272940674, 13.010830602862974, 13.223817689497254, 13.439250146653814, 13.657164134011218, 13.877596361872584, 14.100584095668854, 14.326165160183828, 14.554377943474897, 14.785261400461794, 15.018855056154178, 15.2551990084865, 15.494333930727866, 15.736301073431902, 15.98114226589003, 16.228899917049695, 16.47961701585634, 16.73333713097704, 16.99010440985965, 17.24996357708071, 17.51295993193191, 17.779139345192668, 18.0485482550338, 18.321233661994743, 18.597243122973808, 18.876624744168403, 19.159427172898976, 19.44569958824789, 19.735491690441123, 20.028853688897733, 20.32583628886923, 20.626490676587466, 20.930868502836756, 21.23902186486289, 21.551003286528516, 21.866865696621048, 22.186662405216687, 22.510447078000826, 22.838273708442163, 23.170196587715306, 23.506270272264054, 23.846549548894643, 24.191089397286394, 24.539944949805463, 24.893171448504464, 25.250824199190948, 25.61295852244542, 25.97962970146965, 26.35089292664545, 26.72680323668507, 27.107415456254515, 27.492784129953836
[36], 0.6335242521582193, 0.7236200095757794, 0.8144709616646167, 0.9060861809534234, 0.9984748776229316, 1.0916464019388097, 1.1856102467310432, 1.2803760499206962, 1.3759535970949126, 1.472352824130925, 1.5695838198704184, 1.6676568288441957, 1.7665822540493121, 1.8663706597785463, 1.967032774503587, 2.0685794938128974, 2.1710218834050514, 2.2743711821385273, 2.3786388051390093, 2.4838363469648286, 2.5899755848321964, 2.697068481900159, 2.8051271906172293, 2.914164056130174, 3.0241916197557073, 3.1352226225166815, 3.2472700087431368, 3.3603469297395296, 3.4744667475187065, 3.5896430386041667, 3.7058895979007977, 3.8232204426354297, 3.941649816368354, 4.061192193075732, 4.181862281304926, 4.3036750284026475, 4.426645624817291, 4.5507895084759, 4.676122369236647, 4.802660153417481, 4.930419068401672, 5.059415587320686, 5.189666453815165, 5.321188686874411, 5.4539995857546675, 5.588116734976814, 5.723558009403829, 5.8603415793977955, 5.998485916057021, 6.1380097965331935, 6.278932309428498, 6.421272860272409, 6.565051177077989, 6.710287315977375, 6.857001666935707, 7.005214959542843, 7.154948268882017, 7.306223021474601, 7.459061001299266, 7.613484355884853, 7.769515602474373, 7.92717763425947, 8.086493726682097, 8.247487543801833, 8.410183144725897, 8.574604990099129, 8.740777948650468, 8.908727303792421, 9.078478760270002, 9.250058450853967, 9.423492943074782, 9.598809245991083, 9.776034816987803, 9.955197568597589, 10.136325875338828, 10.319448580563414, 10.504595003306184, 10.691794945128049, 10.881078696943623, 11.072477045823469, 11.266021281761093, 11.461743204392922, 11.659675129659638, 11.859849896395637, 12.062300872833386, 12.267061963007132, 12.474167613041026, 12.683652817303994, 12.895553124414098, 13.109904643072738, 13.326744047708306, 13.546108583907781, 13.768036073612823, 13.992564920056056, 14.219734112411029, 14.449583230128521, 14.682152446929521, 14.917482534423572, 15.15561486531996, 15.396591416196078, 15.64045476978658, 15.887248116754028, 16.13701525689973, 16.38980059977111, 16.6456491646203, 16.904606579664627, 17.166719080598924, 17.43203350830575, 17.700597305707067, 17.972458513698513, 18.247665766104266, 18.526268283587054, 18.808315866445895, 19.093858886229498, 19.382948276091657, 19.675635519810204, 19.971972639388984, 20.27201218115781, 20.575807200283016, 20.883411243597003, 21.19487833065169, 21.51026293289847, 21.829619950891743, 22.153004689412366, 22.480472830401517, 22.81208040359403, 23.1478837547364, 23.48793951127196, 23.832304545372683, 24.181035934195084, 24.534190917235, 24.891826850654056, 25.25400115844969, 25.620771280338648, 25.99219461622365, 26.368328467112587, 26.749229972360443, 27.134956043104502
[37], 0.394876082048356, 0.48411458266947877, 0.5741034569998366, 0.664851759803146, 0.7563686840763659, 0.8486635635146524, 0.9417458750240484, 1.0356252412828981, 1.1303114333528543, 1.2258143733403912, 1.3221441371098943, 1.4193109570491398, 1.5173252248881821, 1.6161974945725905, 1.7159384851922572, 1.8165590839662575, 1.9180703492854463, 2.020483513813065, 2.1238099876451706, 2.228061361531163, 2.33324941015594, 2.4393860954846436, 2.5464835701708175, 2.654554181029315, 2.7636104725747086, 2.8736651906267108, 2.9847312859829302, 3.096821918160831, 3.2099504592094106, 3.324130497591665, 3.439375842139164, 3.5557005260794967, 3.6731188111375617, 3.791645191712217, 3.9112943991281766, 4.032081405965555, 4.154021430466746, 4.277129941022174, 4.4014226607357125, 4.5269155720706085, 4.653624921576528, 4.781567224698882, 4.910759270670774, 5.04121812748836, 5.172961146970442, 5.3060059699027, 5.440370531266857, 5.576073065555484, 5.713132112172788, 5.851566520921399, 5.991395457575541, 6.132638409540306, 6.275315191597622, 6.419445951737964, 6.565051177077989, 6.712151699863523, 6.860768703557259, 7.010923729010468, 7.162638680717667, 7.3159358331532305, 7.470837837188626, 7.6273677265885365, 7.785548924584272, 7.945405250522433, 8.106960926586359, 8.27024058458786, 8.435269272826433, 8.602072463012554, 8.770676057251602, 8.941106395084304, 9.113390260579678, 9.287554889475276, 9.463627976359692, 9.641637681891886, 9.821612640050562, 10.003581965407173, 10.187575260415402, 10.373622622708575, 10.561754652396896, 10.752002459355117, 10.944397670490176, 11.13897243697885, 11.3357594414626, 11.534791905188287, 11.736103595080476, 11.939728830731204, 12.145702491291845, 12.354060022250314, 12.56483744207616, 12.778071348714361, 12.993798925907823, 13.212057949327136, 13.432886792484146, 13.656324432405578, 13.88241045504004, 14.111185060371168, 14.342689067207305, 14.576963917616347, 14.814051680972948, 15.053995057582696, 15.296837381846048, 15.542622624922597, 15.791395396854172, 16.04320094810241, 16.29808517045436, 16.55609459724699, 16.817276402858816, 17.081678401413864, 17.349349044640572, 17.620337418825347, 17.894693240796528, 18.172466852872933, 18.453709216705956, 18.738471905942568, 19.02680709763179, 19.318767562294287, 19.614406652571418, 19.913778290365368, 20.216936952379196, 20.523937653961752, 20.834835931157826, 21.149687820861182, 21.46854983896338, 21.791478956388097, 22.118532572896516, 22.449768488546024, 22.785244872680778, 23.12502023032876, 23.469153365877908, 23.817703343899225, 24.170729446983632, 24.528291130455347, 24.890447973823495, 25.257259628831317, 25.628785763961435, 26.00508600525417, 26.386219873296934, 26.772246716241796
[38], 0.15548647941691882, 0.24385880468847504, 0.3329765468996765, 0.42284874063133043, 0.5134845592318956, 0.6048933173134039, 0.697084473296743, 0.7900676320067354, 0.8838525473181048, 0.9784491248536303, 1.0738674247352238, 1.1701176643887472, 1.267210221404145, 1.365155636451351, 1.4639646162535485, 1.5636480366182115, 1.6642169455277913, 1.7656825662902973, 1.8680563007516562, 1.9713497325702596, 2.07557463055535, 2.1807429520700365, 2.2868668465001853, 2.3939586587904595, 2.502030933048268, 2.6110964162172055, 2.7211680618209466, 2.8322590337785116, 2.9443827102925084, 3.057552687811186, 3.1717827850655524, 3.287087047182569, 3.403479749875798, 3.5209754037143934, 3.6395887584715587, 3.759334807553859, 3.8802287925119887, 4.002286207634611, 4.125522804625579, 4.249954597366296, 4.375597866763924, 4.502469165685797, 4.630585323982103, 4.759963453596501, 4.890620953766377, 5.0225755163128225, 5.155845131021594, 5.290448091115149, 5.426402998816776, 5.563728771006905, 5.702444644972289, 5.842570184248008, 5.984125284552889, 6.127130179818028, 6.2716054483085735, 6.417572018838426, 6.565051177077989, 6.714064571953452, 6.864634222138319, 7.016782522635202, 7.170532251447405, 7.325906576338896, 7.482929061681486, 7.641623675386831, 7.802014795922102, 7.964127219406338, 8.127986166785798, 8.293617291084232, 8.461046684726245, 8.630300886928856, 8.801406891158546, 8.974392152648116, 9.149284595969776, 9.326112622658107, 9.50490511887776, 9.685691463129286, 9.868501533986123, 10.053365717855195, 10.240314916753228, 10.429380556089304, 10.620594592444704, 10.813989521339105, 11.009598384972167, 11.207454779928417, 11.407592864832102, 11.610047367938472, 11.814853594645925, 12.022047434913263, 12.231665370564233, 12.443744482461275, 12.658322457528447, 12.875437595602003, 13.095128816086232, 13.31743566439021, 13.542398318119654, 13.770057592996206, 14.000454948475053, 14.23363249302945, 14.469632989069135, 14.708499857457308, 14.950277181588897, 15.195009710990258, 15.442742864398438, 15.693522732275312, 15.947396078709831, 16.20441034265789, 16.464613638468048, 16.72805475563681, 16.994783157735174, 17.26484898044484, 17.538303028638488, 17.815196772436302, 18.095582342166544, 18.379512522154492, 18.667040743260603, 18.95822107408497, 19.253108210751005, 19.551757465177147, 19.85422475174201, 20.160566572243457, 20.47083999904834, 20.785102656325652, 21.103412699250637, 21.425828791064692, 21.752410077870138, 22.0832161610357, 22.418307067084413, 22.757743214931267, 23.101585380334313, 23.44989465741977, 23.802732417136983, 24.160160262497687, 24.52223998044987, 24.889033490234386, 25.26060278807142, 25.637009888020803, 26.01831675886108, 26.40458525683073
[39], -0.08463961957453771, 0.0028576324864517683, 0.09109520840569131, 0.18008212013324745, 0.2698275188731579, 0.3603406976095298, 0.4516310936830436, 0.5437082914190324, 0.6365820248074942, 0.7302621802366632, 0.8247587992810343, 0.9200820815449055, 1.016242387562153, 1.113250241754224, 1.2111163354464731, 1.3098515299444955, 1.4094668596717577, 1.509973535369007, 1.6113829473575703, 1.713706668866724, 1.8169564594271168, 1.9211442683311617, 2.0262822381613153, 2.132382708388124, 2.239458219038651, 2.347521514436833, 2.456585547017043, 2.5666634812119224, 2.6777686974158885, 2.7899147960255317, 2.9031156015581785, 3.017385166849844, 3.1327377773338405, 3.2491879554012666, 3.3667504648448534, 3.485440315386903, 3.605272767293002, 3.726263336072602, 3.848427797267483, 3.971782191329478, 4.096342828588374, 4.222126294311382, 4.34914945385508, 4.477429457910628, 4.606983747843947, 4.737830061130851, 4.86998643688908, 5.003471221507038, 5.138303074370699, 5.274500973689321, 5.412084222420073, 5.551072454292696, 5.691485639934341, 5.833344093094947, 5.976668476973272, 6.121479810643846, 6.26779947558477, 6.415649222306044, 6.565051177077989, 6.71602784875957, 6.868602135725717, 7.022797332892539, 7.17863713883965, 7.336145663027843, 7.495347433111184, 7.656267402340578, 7.818930957057671, 7.983363924276012, 8.149592579346754, 8.317643653705927, 8.487544342699312, 8.65932231348141, 8.833005712983834, 9.008623175948081, 9.186203833017919, 9.365777318884597, 9.547373780479353, 9.731023885205063, 9.916758829200552, 10.104610345627943, 10.294610712974594, 10.486792763359531, 10.681189890833664, 10.877836059661739, 11.076765812574171, 11.278014278974435, 11.481617183088, 11.687610852036606, 11.896032223821212, 12.106918855195469, 12.32030892941008, 12.536241263807094, 12.75475531724218, 12.975891197310435, 13.199689667350329, 13.426192153198805, 13.655440749667832, 13.887478226711723, 14.122348035252031, 14.360094312624849, 14.600761887612778, 14.844396285022274, 15.091043729763493, 15.340751150388309, 15.59356618203854, 15.849537168754336, 16.10871316508915, 16.371143936975088, 16.636879961778803, 16.905972427485395, 17.1784732309434, 17.45443497510146, 17.733910965162377, 18.016955203577655, 18.30362238380031, 18.593967882711123, 18.88804775162785, 19.18591870580365, 19.487638112316336, 19.79326397624502, 20.10285492502709, 20.416470190882986, 20.734169591191968, 21.0560135066976, 21.382062857416326, 21.71237907611827, 22.047024079245062, 22.38606023512408, 22.7295503293349, 23.077557527079104, 23.430145332400514, 23.787377544099403, 24.14931820818, 24.51603156666885, 24.887582002637096, 25.264033981259107, 25.64545198673738, 26.031900454923072
[40], -0.325497144860944, -0.23888384077898972, -0.15153544268906985, -0.0634429637485692, 0.025402722576030486, 0.11501088506440815, 0.20539093734951683, 0.2965524405770871, 0.388505106118971, 0.48125879834114077, 0.5748235374274104, 0.6692095022605606, 0.7644270333609929, 0.8604866358853311, 0.9573989826848686, 1.0551749174260987, 1.1538254577739933, 1.253361798639271, 1.3537953154912652, 1.4551375677369425, 1.5574003021683724, 1.6605954564788667, 1.764735162849883, 1.8698317516095524, 1.9758977549643606, 2.082945910805357, 2.1909891665899566, 2.300040683301121, 2.4101138394848305, 2.521222235367757, 2.6333796970557497, 2.7466002808154713, 2.8608982774395955, 2.9762882166979048, 3.092784871874541, 3.210403264394111, 3.3291586685367425, 3.4490666162444645, 3.570142902019438, 3.6924035879160524, 3.815865008627626, 3.940543776669514, 4.066456787659312, 4.193621225696039, 4.322054568838811, 4.4517745946866745, 4.582799386060429, 4.71514733678762, 4.84883715759161, 4.983887882085591, 5.120318872872722, 5.258149827752651, 5.3974007860355355, 5.538092134963962, 5.6802446162434626, 5.823879332681377, 5.969017754935229, 6.115681728370021, 6.263893480024571, 6.413675625686895, 6.565051177077989, 6.71804354914354, 6.872676567452914, 7.028974475704072, 7.186961943333618, 7.346664073230074, 7.508106409548992, 7.671314945627339, 7.83631613199514, 8.003136884481641, 8.171804592412414, 8.342347126894445, 8.514792849184866, 8.689170619139109, 8.86550980373338, 9.04384028565632, 9.224192471963525, 9.406597302788633, 9.591086260103404, 9.777691376519414, 9.966445244121926, 10.157381023327313, 10.35053245175335, 10.545933853091206, 10.743620145967467, 10.943626852782375, 11.14599010851128, 11.350746669452924, 11.55793392190885, 11.767589890776055, 11.979753248033632, 12.194463321103527, 12.411760101062535, 12.631684250683097, 12.854277112276844, 13.079580715314096, 13.307637783790764, 13.538491743311466, 13.772186727856175, 14.00876758619501, 14.248279887914094, 14.490769929012519, 14.736284737027736, 14.984872075644823, 15.236580448741389, 15.491459103817322, 15.749558034755799, 16.010927983858, 16.27562044309146, 16.543687654487865, 16.815182609622873, 17.09015904810632, 17.36867145500766, 17.650775057137324, 17.936525818099962, 18.22598043203196, 18.519196315930547, 18.81623160047736, 19.11714511925466, 19.42199639624726, 19.730845631518804, 20.043753684945, 20.360782057882833, 20.68199287264759, 21.00744884966623, 21.33721328216939, 21.671350008278775, 22.009923380342922, 22.352998231367625, 22.7006398383835, 23.052913882588108, 23.409886406095133, 23.77162376511943, 24.13819257942264, 24.50965967783997, 24.88609203970688, 25.267556732000955, 25.654120842012553
[41], -0.567080892044697, -0.4813603851893993, -0.3949101513540492, -0.3077212313082079, -0.2197845257441341, -0.13109079269343615, -0.04163064489031553, 0.04860545291829169, 0.13962718671832236, 0.231444396029688, 0.3240670767649574, 0.4175053841465613, 0.5117696356834355, 0.6068703142086792, 0.702818070979477, 0.799623728840147, 0.8972982854500224, 0.9958529165773107, 1.095298979460125, 1.1956480162363696, 1.29691175744324, 1.399102125588477, 1.5022312387941124, 1.6063114145144604, 1.7113551733295278, 1.8173752428156975, 1.924384561494629, 2.032396282862233, 2.141423779498888, 2.2514806472626603, 2.3625807095669193, 2.4747380217437027, 2.587966875494585, 2.7022818034303984, 2.8176975837013805, 2.934229244719282, 3.0518920699728533, 3.1707016029384683, 3.290673652086927, 3.4118242959886045, 3.534169888517573, 3.657727064157102, 3.782512743407155, 3.9085441382958654, 4.035838757996035, 4.164414414548148, 4.2942892286913725, 4.425481635803464, 4.558010391951143, 4.691894580051825, 4.8271536161480135, 4.963807255795384, 5.101875600565207, 5.241379104662627, 5.3823385816606075, 5.524775211351205, 5.66871054671406, 5.814166521002723, 5.9611654549491995, 6.109730064086577, 6.25988346619007, 6.411649188835932, 6.565051177077989, 6.720113801241064, 6.876861864830791, 7.0353206125579755, 7.195515738477125, 7.357473394236478, 7.521220197438484, 7.686783240107637, 7.854190097263727, 8.023468835596683, 8.194648022240328, 8.367756733640402, 8.542824564513113, 8.7198816368887, 8.898958609235054, 9.080086685654848, 9.26329762515005, 9.448623750945904, 9.636097959866541, 9.825753731753625, 10.017625138917708, 10.211746855612372, 10.40815416751935, 10.606882981232124, 10.807969833724702, 11.011451901790469, 11.21736701143581, 11.425753647210794, 11.636650961458882, 11.850098783465507, 12.066137628483997, 12.284808706616076, 12.50615393152199, 12.73021592893352, 12.957038044941951, 13.18666435402974, 13.419139666814088, 13.65450953746678, 13.892820270773527, 14.134118928792915, 14.378453337072601, 14.625872090377516, 14.87642455788219, 15.130160887775961, 15.387132011226715, 15.647389645645857, 15.910986297192615, 16.177975262453693, 16.44841062922897, 16.72234727635081, 16.999840872460183, 17.280947873658448, 17.565725519948906, 17.85423183037827, 18.146525596782705, 18.442666376038385, 18.742714480711374, 19.046730967996634, 19.35477762683018, 19.666916963053044, 19.983212182500438, 20.303727171883192, 20.628526477323284, 20.957675280399368, 21.291239371552308, 21.629285120694952, 21.97187944486455, 22.319089772750896, 22.67098400592737, 23.027630476606817, 23.389097901739504, 23.755455333264692, 24.12677210432439, 24.503117771242387, 24.884562051069178, 25.271174754490637
[42], -0.8093855220139937, -0.7245666336571202, -0.6390235228848082, -0.5527472606106694, -0.46572877733626594, -0.37795886054056255, -0.2894281520151556, -0.20012714514449195, -0.11004618212982988, -0.019175451155746603, 0.07249501650225824, 0.16497534942962264, 0.25827583908631047, 0.3524069428825351, 0.44737928731824683, 0.543203671187936, 0.6398910688517444, 0.7374526335744372, 0.8358997009335327, 0.9352437922981927, 1.0354966183800194, 1.1366700828576157, 1.2387762860758498, 1.3418275288218358, 1.4458363161789252, 1.5508153614600364, 1.6567775902224555, 1.7637361443649258, 1.8717043863092613, 1.980695903267763, 2.0907245115980064, 2.2018042612468673, 2.3139494402853047, 2.42717457953538, 2.5414944572915, 2.656924104137327, 2.7734788078599655, 2.8911741184633817, 3.0100258532824293, 3.1300501021991636, 3.2512632329635527, 3.3736818966192743, 3.497323033037527, 3.6222038765592544, 3.748341961748033, 3.875755129255194, 4.004461531798474, 4.134479640255732, 4.265828249875399, 4.398526486604871, 4.532593813538226, 4.668050037484658, 4.804915315658781, 4.943210162493947, 5.082955456579739, 5.224172447724458, 5.366882764143487, 5.511108419774561, 5.656871821719989, 5.804195777817057, 5.953103504336171, 6.103618633807434, 6.255765222975574, 6.40956776088252, 6.565051177077989, 6.722240849956565, 6.881162615221047, 7.041842774470434, 7.204308103910956, 7.368585863189032, 7.534703804342825, 7.7026901808711274, 7.872573756915365, 8.044383816552568, 8.21815017319419, 8.393903179087646, 8.571673734914665, 8.751493299481478, 8.933393899494716, 9.117408139416202, 9.303569211388949, 9.491910905226462, 9.682467618456178, 9.875274366406908, 10.070366792329612, 10.267781177539938, 10.4675544515688, 10.669724202307984, 10.874328686134803, 11.081406837999454, 11.290998281457627, 11.503143338628423, 11.71788304005706, 11.93525913446014, 12.155314098328503, 12.378091145362648, 12.603634235711821, 12.831988084987234, 13.063198173017112, 13.29731075230895, 13.53437285618202, 13.774432306530768, 14.01753772117678, 14.263738520764024, 14.513084935149735, 14.765628009239219, 15.02141960821019, 15.280512422068822, 15.542959969475147, 15.808816600773024, 16.07813750015444, 16.3509786868847, 16.627397015510315, 16.907450174966698, 17.191196686498653, 17.47869590030057, 17.77000799077949, 18.065193950337672, 18.364315581566757, 18.66743548773953, 18.974617061479183, 19.285924471480932, 19.601422647153697, 19.921177261044235, 20.245254708898997, 20.573722087213255, 20.906647168110325, 21.244098371387008, 21.58614473355514, 21.932855873702977, 22.284301955993286, 22.640553648609004, 23.001682078951728, 23.36775878489231, 23.738855661867145, 24.115044905609434, 24.496398950300055, 24.882990401918395
[43], -1.052405560609712, -0.968497081565988, -0.8838700225168828, -0.7985154870777843, -0.7124244381700049, -0.6255876953844579, -0.537995932289636, -0.4496396736834598, -0.36050929278764604, -0.2705950083831992, -0.1798868818858527, -0.08837481436003716, 0.003951456529566695, 0.09710235963079891, 0.1910884934820813, 0.2859206295571176, 0.38160971557814094, 0.4781668788984463, 0.5756034299564476, 0.6739308658018953, 0.7731608736966706, 0.8733053347909988, 0.9743763278769612, 1.0763861332208344, 1.1793472364759872, 1.283272332677657, 1.3881743303216678, 1.4940663555283868, 1.6009617562939307, 1.7088741068301714, 1.8178172119952496, 1.9278051118163992, 2.0388520861071218, 2.150972659179825, 2.2641816046564514, 2.378493950378567, 2.493924983418594, 2.6104902551943687, 2.728205586688536, 2.8470870737748326, 2.967151092652993, 3.0884143053941377, 3.2108936655984675, 3.334606424167007, 3.459570135189495, 3.5858026619496064, 3.713322183050086, 3.8421471986587497, 3.972296536877658, 4.103789360236538, 4.236645172312867, 4.370883824479275, 4.506525522780495, 4.643590834940909, 4.782100697504309, 4.922076423106914, 5.063539707884824, 5.206512639017587, 5.351017702407791, 5.497077790498555, 5.644716210228941, 5.79395669112811, 5.944823393548757, 6.097340917039452, 6.25153430885662, 6.407429072615162, 6.565051177077989, 6.72442706508322, 6.8855836626080045, 7.048548387968261, 7.213349161151551, 7.3800144132825, 7.548573096217091, 7.719054692263505, 7.89148922402657, 8.0659072643714, 8.242339946502344, 8.420818974152159, 8.601376631876265, 8.784045795445483, 8.968859942330969, 9.1558531622731, 9.34506016792681, 9.536516305573274, 9.730257565888389, 9.926320594756547, 10.12474270411784, 10.325561882834908, 10.528816807565537, 10.734546853624446, 10.942792105818075, 11.153593369232606, 11.36699217995616, 11.583030815712547, 11.801752306383607, 12.023200444394222, 12.247419794933029, 12.47445570597927, 12.70435431810375, 12.937162574010488, 13.172928227781984, 13.411699853789122, 13.653526855223994, 13.898459472210378, 14.146548789444179, 14.397846743312627, 14.65240612843711, 14.910280603582006, 15.171524696866852, 15.436193810215967, 15.70434422297517, 15.976033094621107, 16.251318466483333, 16.53025926239586, 16.81291528818825, 17.099347229922547, 17.38961665077583, 17.683785986463434, 17.98191853909097, 18.284078469318604, 18.5903307867133, 18.900741338159676, 19.215376794192277, 19.53430463310669, 19.857593122698532, 20.185311299473295, 20.517528945162933, 20.854316560377036, 21.19574533521036, 21.54188711662009, 21.89281437237995, 22.248600151411043, 22.609318040281618, 22.975042115662408, 23.345846892516985, 23.72180726780074, 24.102998459436822, 24.489495940332027
[44], -1.2961353983417574, -1.213146086463148, -1.129443975091571, -1.0450202031265967, -0.9598657685460189, -0.873971525744161, -0.7873281828143862, -0.6999262987735918, -0.6117562807282338, -0.5228083809801494, -0.43307269407087967, -0.34253915376324745, -0.2511975299589416, -0.15903742555025127, -0.06604827320505945, 0.027780667916888796, 0.12246031551733423, 0.21800176758465553, 0.3144163058917924, 0.4117153995688228, 0.5099107087518986, 0.6090140883095838, 0.7090375916490111, 0.8099934746032329, 0.9118941994009344, 1.014752438721285, 1.1185810798349696, 1.223393228833105, 1.3292022149463825, 1.436021594956013, 1.5438651576980547, 1.6527469286635132, 1.7626811746957907, 1.8736824087874213, 1.9857653949781762, 2.098945153356523, 2.213236965166021, 2.3286563780191387, 2.4452192112204596, 2.5629415612007254, 2.6818398070644585, 2.8019306162527506, 2.9232309503233225, 3.0457580708499177, 3.1695295454430945, 3.2945632538944194, 3.420877394445723, 3.548490490186036, 3.677421395577576, 3.807689303113033, 3.9393137501057973, 4.072314625615351, 4.206712177509168, 4.342527019663234, 4.479780139302643, 4.6184929044840635, 4.758687071721364, 4.9003847937560625, 5.043608627473882, 5.188381541968266, 5.334726926752908, 5.482668600122762, 5.632230817665974, 5.783438280925879, 5.936316146214704, 6.090890033578144, 6.247186035911959, 6.405230728229089, 6.565051177077989, 6.726674950110273, 6.890130125797639, 7.055445303295605, 7.222649612453054, 7.391772723964658, 7.56284485966402, 7.735896802954269, 7.910959909372151, 8.088066117281903, 8.267247958693682, 8.448538570201348, 8.631971704033544, 8.817581739210945, 9.005403692802481, 9.19547323127149, 9.387826681902787, 9.582501044300349, 9.779534001943896, 9.978963933791961, 10.180829925917811, 10.385171783163251, 10.59203004079368, 10.80144597613684, 11.01346162018582, 11.228119769145378, 11.445463995898487, 11.665538661368918, 11.888388925752663, 12.114060759590128, 12.342600954647148, 12.574057134572493, 12.808477765294864, 13.045912165121418, 13.286410514496184, 13.530023865373778, 13.77680415016067, 14.026804190173152, 14.280077703557296, 14.53667931261253, 14.796664550456422, 15.060089866964603, 15.327012633914425, 15.597491149257426, 15.871584640440188, 16.14935326668816, 16.430858120162352, 16.716161225892144, 17.005325540383133, 17.29841494879191, 17.59549426055345, 17.896629203341217, 18.201886415232497, 18.51133343494482, 18.825038690002557, 19.143071482684856, 19.465501973599068, 19.79240116271595, 20.1238408676949, 20.459893699320016, 20.80063303385931, 21.146132982151247, 21.49646835521553, 21.851714626175774, 22.21194788827481, 22.577244808755225, 22.947682578370046, 23.323338856281417, 23.704291710098776, 24.09061955080086
[45], -1.5405692901561425, -1.4585078678022185, -1.3757395647741604, -1.2922555578620971, -1.2080468827613335, -1.1231044313873746, -1.0374189491333985, -0.9509810320691797, -0.863781124079938, -0.7758095139436382, -0.6870563323458485, -0.5975115488301229, -0.5071649686829915, -0.4160062297518282, -0.3240247991939676, -0.23120997015612946, -0.1375508583816322, -0.043036398744885726, 0.052344658289354494, 0.14860375028301617, 0.2457525065200312, 0.34380275178165404, 0.44276651020332963, 0.54265600921479, 0.6434836835659491, 0.7452621794392337, 0.8480043586512475, 0.9517233029451472, 1.0564323183756852, 1.1621449397892372, 1.268874935400061, 1.3766363114658644, 1.4854433170634203, 1.595310448967691, 1.7062524566352735, 1.8182843472951695, 1.931421391148663, 2.0456791266802847, 2.161073366082517, 2.277620200795963, 2.3953360071675034, 2.5142374522284214, 2.6343414995948415, 2.7556654154928704, 2.8782267749101207, 3.002043467876849, 3.1271337058775437, 3.2535160283967666, 3.381209309599992, 3.5102327651527436, 3.6406059591794704, 3.7723488113647066, 3.905481604198528, 4.040024990368136, 4.176000000297806, 4.31342804983922, 4.452330948113763, 4.5927309055086765, 4.7346505418291445, 4.878112894607202, 5.0231414275696205, 5.169760039265807, 5.317993071857079, 5.46786532006817, 5.619402040302191, 5.7726289599195, 5.927572286680981, 6.084258718356386, 6.242715452497099, 6.402970196373855, 6.565051177077989, 6.728987151786327, 6.894807418187552, 7.062541825069181, 7.23222078306257, 7.403875275543896, 7.5775368696877825, 7.753237727670482, 7.931010618018047, 8.110888927095283, 8.292906670729705, 8.477098505964834, 8.663499742935732, 8.852146356858944, 9.043075000128896, 9.236323014510404, 9.431928443417375, 9.62993004426583, 9.830367300888208, 10.033280435995147, 10.23871042366903, 10.446699001872672, 10.657288684954192, 10.870522776128382, 11.086445379912611, 11.30510141449294, 11.526536623995785, 11.750797590635726, 11.977931746710532, 12.207987386410025, 12.441013677403696, 12.677060672169219, 12.916179319020973, 13.158421472794478, 13.403839905139726, 13.652488314372494, 13.904421334829562, 14.159694545669442, 14.418364479056203, 14.680488627660404, 14.94612545140509, 15.215334383381789, 15.488175834854983, 15.764711199269168, 16.045002855166654, 16.329114167918565, 16.617109490165387, 16.90905416085723, 17.205014502777228, 17.505057818424504, 17.809252384126662, 18.11766744224295, 18.430373191313468, 18.74744077400023, 19.068942262658627, 19.3949506423694, 19.725539791252174, 20.06078445787379, 20.400760235554838, 20.745543533369265, 21.09521154362321, 21.449842205589654, 21.80951416526641, 22.174306730916857, 22.544299824143167, 22.91957392623367, 23.30021001951852, 23.6862895234587
[46], -1.7857013552534182, -1.704576506739227, -1.622750834826532, -1.540215556824559, -1.4569617488311473, -1.3729803430250038, -1.288262124900249, -1.202797730440405, -1.1165776432317234, -1.0295921915134636, -0.941831545164406, -0.8532857126237186, -0.7639445377447011, -0.6737976965801866, -0.5828346940977654, -0.49104486082305404, -0.3984173494100639, -0.30494113113625637, -0.21060499232103422, -0.1153975306656103, -0.019307151513082325, 0.07767793597383053, 0.17556972271866145, 0.2743804037229701, 0.37412238214536614, 0.4748082734702491, 0.5764509097682763, 0.6790633440497021, 0.782658854713949, 0.8872509500961973, 0.9928533731141757, 1.0994801060165005, 1.2071453752350065, 1.3158636563436632, 1.4256496791256068, 1.5365184327509809, 1.6484851710679793, 1.7615654180089, 1.8757749731143858, 1.991129917177128, 2.107646618008543, 2.2253417363299994, 2.344232231791495, 2.464335369119951, 2.585668724399788, 2.708250191488155, 2.8320979885672317, 2.957230664836289, 3.083667107345484, 3.211426547974503, 3.3405285705580727, 3.470993118160884, 3.6028405005041333, 3.7360914015466165, 3.8707668872218752, 4.0068884133346225, 4.144477833617672, 4.2835574079525305, 4.424149810754887, 4.566278139527739, 4.709965923583312, 4.855237132936447, 5.002116187370156, 5.150627965675835, 5.30079781506866, 5.452651560780176, 5.606215515828493, 5.7615164909669465, 5.918581804812494, 6.07743929415307, 6.238117324435028, 6.4006448004295216, 6.565051177077989, 6.731366470515174, 6.899621269268819, 7.069846745633814, 7.242074667219016, 7.416337408663534, 7.5926679635196495, 7.771099956297956, 7.951667654670532, 8.134405981826967, 8.31935052897687, 8.506537567992362, 8.696004064182901, 8.887787689193589, 9.081926834017493, 9.278460622111306, 9.477428922602304, 9.678872363573507, 9.882832345412817, 10.089351054209667, 10.298471475182202, 10.510237406115566, 10.724693470790642, 10.941885132380136, 11.161858706787452, 11.384661375901246, 11.610341200736373, 11.838947134429741, 12.070529035056321, 12.305137678228508, 12.542824769438623, 12.783642956101497, 13.027645839250093, 13.274887984834915, 13.525424934572326, 13.779313216284756, 14.036610353670374, 14.297374875435716, 14.561666323720273, 14.829545261736548, 15.10107328054469, 15.376313004874122, 15.655328097900314, 15.938183264877145, 16.224944255520334, 16.515677865029573, 16.810451933631345, 17.109335344515287, 17.412398020031468, 17.719710916006278, 18.031346014027545, 18.3473763115403, 18.667875809586356, 18.99291949801146, 19.322583337954676, 19.65694424142484, 19.996080047759666, 20.34006949675259, 20.688992198223026, 21.04292859779486, 21.401959938638658, 21.766168218922346, 22.13563614470523, 22.510447078000826, 22.890684979723797, 23.27643434722749
[47], -2.0315255769603295, -1.9513459459827924, -1.8704716874344434, -1.788894061793693, -1.7066041882678222, -1.6235930420645757, -1.5398514516043151, -1.4553700956711086, -1.3701395005014547, -1.2841500368093424, -1.1973919167455918, -1.1098551907908587, -1.0215297445796854, -0.9324052956549604, -0.8424713901505753, -0.7517173994009272, -0.6601325164751327, -0.567705752635009, -0.47442593371415254, -0.3802816964169435, -0.2852614845352638, -0.18935354508142557, -0.09254592433504742, 0.00517353619818415, 0.10381720391729173, 0.2033976593488422, 0.30392770046400275, 0.405420347091395, 0.5078888454283937, 0.6113466726530332, 0.7158075416382758, 0.8212854057715705, 0.9277944638815319, 1.0353491652744378, 1.1439642148823252, 1.25365457852597, 1.364435488294654, 1.4763224480449626, 1.5893312390219196, 1.7034779256043915, 1.818778861177358, 1.9352506941340784, 2.0529103740104118, 2.1717751577539737, 2.2918626161311946, 2.4131906402742525, 2.5357774483714586, 2.6596415925031835, 2.784801965626128, 2.911277808709113, 3.039088718022658, 3.1682546525851643, 3.298795941768594, 3.4307332930662957, 3.5640878000253613, 3.6988809503465303, 3.835134634154194, 3.9728711524386537, 4.112113225673619, 4.252884002611102, 4.395207069256029, 4.539106458023028, 4.684606657077059, 4.8317326198607535, 4.980509774809199, 5.130964035255056, 5.2831218095247285, 5.437010011227309, 5.592656069737531, 5.7500879408734535, 5.90933411776958, 6.070423641946055, 6.233386114573654, 6.398251707934491, 6.565051177077989, 6.733815871670638, 6.904577748038533, 7.077369381400333, 7.252223978288411, 7.42917538915513, 7.608258121160297, 7.789507351135714, 7.972958938721839, 8.158649439670162, 8.346616119305246, 8.536896966138286, 8.72953070562396, 8.924556814050456, 9.12201553255225, 9.321947881233202, 9.524395673386902, 9.729401529799118, 9.93700889311616, 10.147262042261218, 10.360206106878358, 10.575887081783511, 10.794351841397745, 11.015648154137358, 11.239824696733, 11.466931068446302, 11.697017805151688, 11.930136393246528, 12.166339283350995, 12.405679903754796, 12.648212673566045, 12.89399301551159, 13.143077368336986, 13.395523198747913, 13.651389012832023, 13.910734366894694, 14.173619877638053, 14.440107231606728, 14.710259193819143, 14.984139615496733, 15.261813440798045, 15.54334671245781, 15.828806576224826, 16.118261283984943, 16.411780195448916, 16.70943377827626, 17.011293606498608, 17.317432357098117, 17.627923804586576, 17.94284281342319, 18.262265328098067, 18.58626836070026, 18.91492997577753, 19.24832927228592, 19.586546362415945, 19.929662347071254, 20.27775928776504, 20.6309201746875, 20.989228890687105, 21.35277017089635, 21.721629557721663, 22.095893350905733, 22.4756485523597, 22.860982805451446
[48], -2.278035802654501, -2.198809989698608, -2.118895883591171, -2.0382847906496697, -1.9569678759189806, -1.8749361604235262, -1.7921805183585424, -1.708691674219564, -1.6244601998683745, -1.539476511533617, -1.4537308667454263, -1.367213361201157, -1.2799139255620822, -1.1918223221781596, -1.102928141739977, -1.0132207998558123, -0.9226895335520579, -0.8313233976952485, -0.7391112613339405, -0.6460418039584807, -0.5521035116765041, -0.45728467330278594, -0.36157337636069836, -0.26495750299377335, -0.167424725785156, -0.06896250348263369, 0.030441923372870862, 0.13080153691735297, 0.23212954653484458, 0.33443939353201546, 0.4377447559181144, 0.5420595532930745, 0.647397951846353, 0.7537743694684129, 0.8612034809779782, 0.9697002234671716, 1.0792798017676415, 1.1899576940397631, 1.3017496574881215, 1.414671734205538, 1.528740257149079, 1.643971856250028, 1.7603834646612333, 1.8779923251447048, 1.9968159966020054, 2.116872360750744, 2.2381796289497657, 2.3607563491765524, 2.48462141315927, 2.6097940636667305, 2.7362939019593355, 2.8641408954041134, 2.993355385256468, 3.1239580946122256, 3.255970136532505, 3.389413022344783, 3.5243086701228936, 3.6606794133489973, 3.798548009760259, 3.9379376503835046, 4.078871968759975, 4.221375050363533, 4.365471442214514, 4.511186162691817, 4.658544711545916, 4.807573080114511, 4.958297761743564, 5.110745762415147, 5.264944611584214, 5.420922373225777, 5.578707657093499, 5.738329630191321, 5.899818028458542, 6.06320316866863, 6.228515960542603, 6.395787919075769, 6.565051177077989, 6.736338497925771, 6.909683288524879, 7.085119612481124, 7.2626822034765715, 7.442406478847894, 7.624328553362596, 7.808485253188348, 7.9949141300497795, 8.183653475565865, 8.374742335760889, 8.568220525739873, 8.764128644519053, 8.96250809000033, 9.16340107407787, 9.366850637862369, 9.572900667008861, 9.781595907130503, 9.99298197928006, 10.207105395479028, 10.42401357427111, 10.643754856276447, 10.866378519718781, 11.091934795897053, 11.320474884568336, 11.552050969208198, 11.78671623210993, 12.024524869281665, 12.265532105096817, 12.509794206649529, 12.75736849776268, 13.00831337259244, 13.262688308768231, 13.52055388000271, 13.781971768101197, 14.04700477429464, 14.315716829814992, 14.588173005624988, 14.864439521209441, 15.14458375232729, 15.428674237617082, 15.716780683941725, 16.008973970349736, 16.30532615052275, 16.605910453570246, 16.91080128302362, 17.22007421387249, 17.53380598747606, 17.85207450417307, 18.174958813402103, 18.502539101134598, 18.834896674410356, 19.17211394275479, 19.51427439624443, 19.861462579975665, 20.213764064679037, 20.57126541320841, 20.934054142622276, 21.30221868156133, 21.675848322613096, 22.05503316934294, 22.439864077656882
[49], -2.5252257437443366, -2.4469623034702566, -2.3680170430381224, -2.2883813172930463, -2.208046339865192, -2.1270031804038623, -2.0452427617496043, -1.9627558570433157, -1.8795330867708708, -1.7955649157412648, -1.7108416499972254, -1.6253534336564146, -1.539090245681484, -1.4520418965773634, -1.3641980250139185, -1.2755480943726307, -1.1860813892146564, -1.0957870116692165, -1.004653877739854, -0.9126707135267743, -0.8198260513634889, -0.7261082258651673, -0.6315053698870425, -0.5360054103908856, -0.43959606421647135, -0.34226483375704136, -0.24399900253543255, -0.144785630678962, -0.044611550290931085, 0.05653663928420257, 0.1586725763041484, 0.26181014158324745, 0.3659634635604698, 0.4711469234837954, 0.5773751607137757, 0.6846630781483648, 0.7930258477727575, 0.902478916336146, 1.0130380111588013, 1.1247191460724846, 1.2375386274964773, 1.3515130606532495, 1.4666593559257024, 1.5829947353601552, 1.700536739317471, 1.8193032332757026, 1.939312414787671, 2.0605828205963745, 2.1831333339117935, 2.306983191852293, 2.432151993053884, 2.558659705450752, 2.6865266742302802, 2.8157736299663396, 2.946421696933615, 3.07849240160676, 3.21200768134761, 3.346989893283792, 3.483461823382004, 3.6214466957193108, 3.7609681819556973, 3.9020504110108436, 4.044717978948527, 4.188995959071649, 4.334909912230441, 4.4824858973470985, 4.631750482159485, 4.782730754186218, 4.9354543319156505, 5.089949376221011, 5.246244602003876, 5.404369290067013, 5.564353299219151, 5.726227078612083, 5.890021680311229, 6.055768772100451, 6.223500650520953, 6.393250254144166, 6.565051177077989, 6.738937682704824, 6.914944717650115, 7.093107925978153, 7.273463663613406, 7.456049012981823, 7.640901797869274, 7.8280605984903024, 8.017564766761732, 8.209454441773067, 8.403770565445763, 8.600554898371156, 8.799850035816842, 9.00169942388812, 9.206147375831739, 9.413239088465865, 9.623020658719458, 9.83553910026156, 10.050842360200114, 10.268979335826735, 10.489999891381776, 10.713954874812336, 10.940896134491625, 11.170876535867329, 11.403949978001272, 11.640171409961491, 11.879596847022732, 12.12228338662879, 12.368289224065366, 12.617673667788104, 12.870497154346614, 13.12682126283867, 13.386708728826235, 13.65022345763689, 13.91743053697034, 14.188396248722889, 14.463188079935763, 14.74187473276726, 15.024526133380775, 15.31121343963319, 15.602009047440163, 15.89698659568608, 16.196220969537976, 16.499788302012515, 16.807765973635995, 17.12023261002678, 17.437268077218597, 17.758953474531783, 18.085371124789024, 18.416604561657845, 18.75273851389211, 19.093858886229498, 19.440052736690472, 19.79140825000932, 20.148014706914694, 20.509962448962288, 20.87734283860858, 21.25024821419951, 21.628771839534, 22.013007847647657
[50], -2.773088975704029, -2.6957964143167397, -2.6178286442639975, -2.5391770716240787, -2.4598329613784746, -2.3797874346289567, -2.2990314657519493, -2.2175558794890065, -2.1353513479714685, -2.052408387677764, -1.9687173563219635, -1.8842684496715698, -1.799051698293099, -1.7130569642232347, -1.6262739375645667, -1.5386921330030356, -1.450300886246119, -1.361089350378985, -1.2710464921373894, -1.1801610880947526, -1.088421720761449, -0.9958167745942558, -0.9023344319138933, -0.8079626687278635, -0.7126892504572344, -0.616501727564014, -0.5193874310774831, -0.42133346801666516, -0.32232671670656526, -0.2223538219855572, -0.12140119030140102, -0.01945498469314192, 0.08349888034378086, 0.18747474411203932, 0.29248720508925885, 0.3985511264301745, 0.5056816415970774, 0.6138941601212756, 0.7232043734992569, 0.8336282612256162, 0.9451820969672238, 1.0578824548805459, 1.171746216076312, 1.2867905752346114, 1.403033047373367, 1.5204914747741598, 1.639184034068758, 1.7591292434894843, 1.8803459702873897, 2.002853438321641, 2.1266712358238165, 2.2518193233407144, 2.3783180418592242, 2.5061881211173667, 2.6354506881047737, 2.766127275756594, 2.89823983184467, 3.0318107280693436, 3.166862769356092, 3.303419203360296, 3.441503730184216, 3.581140512309484, 3.722354184749025, 3.865169865421774, 4.009613165753489, 4.155710201507837, 4.30348760384979, 4.452972530645803, 4.604192678002739, 4.757176292049256, 4.911952180961789, 5.068549727237674, 5.226998900218108, 5.387330268862514, 5.54957501477618, 5.71376494549242, 5.87993250801079, 6.048110802591333, 6.218333596805533, 6.390635339843745, 6.565051177077989, 6.741616964878885, 6.920369285685091, 7.101345463322002, 7.284583578566697, 7.470122484954558, 7.658001824823007, 7.848262045585255, 8.040944416228047, 8.236091044024104, 8.433744891450273, 8.63394979330035, 8.836750473979983, 9.04219256496993, 9.250322622442196, 9.46118814501094, 9.674837591599404, 9.891320399400723, 10.110687001909021, 10.332988846994207, 10.558278414991666, 10.786609236774527, 11.018035911774057, 11.252614125909782, 11.490400669387022, 11.731453454317151, 11.975831532110433, 12.223595110587729, 12.474805570752451, 12.729525483159387, 12.987818623811965, 13.249749989513324, 13.515385812591182, 13.784793574910095, 14.05804202107757, 14.335201170744138, 14.616342329889061, 14.901538100975882, 15.190862391853848, 15.484390423271305, 15.782198734859042, 16.084365189430454, 16.39096897543608, 16.70209060739806, 17.017811924139455, 17.33821608461106, 17.663387561105676, 17.99341212963715, 18.32837685724747, 18.668370085991846, 19.013481413336553, 19.36380166868972, 19.719422885770076, 20.080438270502512, 20.446942164113842, 20.819030001085824, 21.196798261605878, 21.580344418140417
[51], -3.0216189381652896, -2.9453057107678724, -2.868324024562547, -2.7906653395825187, -2.712320974943261, -2.633282106044186, -2.5535397617070643, -2.473084821249121, -2.3919080114894524, -2.3099999036872663, -2.227350910409828, -2.1439512823287235, -2.0597911049424904, -1.9748602952240577, -1.8891485981905562, -1.8026455833941744, -1.715340641331922, -1.6272229797719133, -1.5382816199946614, -1.4485053929470513, -1.3578829353065178, -1.2664026854537505, -1.1740528793513314, -1.080821546325759, -0.9866965047513345, -0.891665357632193, -0.7957154880811829, -0.6988340546923119, -0.6010079868044428, -0.502223979653518, -0.40246848941043534, -0.30172772810193205, -0.19998765841187865, -0.09723398835939698, 0.006547834148641401, 0.11137262689381443, 0.21725547905438014, 0.32421175704851535, 0.43225711051594673, 0.5414074784410783, 0.6516790954211269, 0.7630884980825985, 0.8756525316497443, 0.9893883566681775, 1.1043134558876433, 1.2204456413076108, 1.3378030613887846, 1.456404208435275, 1.576267926150375, 1.697413417370472, 1.8198602519805844, 1.9436283750156413, 2.068738114951781, 2.1952101921912575, 2.3230657277453277, 2.4523262521192484, 2.5830137144034935, 2.715150491575277, 2.848759398014541, 2.9838636952386697, 3.1204871018603693, 3.2586538037718844, 3.3983884645611595, 3.539716236162679, 3.6826627697476835, 3.8272542268578693, 3.9735172907861003, 4.121479178207897, 4.271167651067989, 4.422611028724783, 4.575838200356677, 4.7308786376330705, 4.887762407653634, 5.04652018615799, 5.2071832710090975, 5.369783595951934, 5.534353744649984, 5.700926965000849, 5.869537183732265, 6.040219021279444, 6.213007806943594, 6.38793959433191, 6.565051177077989, 6.744380104840959, 6.925964699581471, 7.109844072111428, 7.296058138913387, 7.48464763922551, 7.67565415238569, 7.869120115427978, 8.065088840923798, 8.263604535058045, 8.464712315929319, 8.66845823206218, 8.874889281117348, 9.084053428783646, 9.295999627834739, 9.510777837329936, 9.72843904193736, 9.949035271354969, 10.172619619801818, 10.39924626554999, 10.628970490463285, 10.861848699507219, 11.097938440189338, 11.337298421886798, 11.579988535013108, 11.826069869971631, 12.075604735839272, 12.32865667871841, 12.585290499689448, 12.84557227229175, 13.109569359453339, 13.377350429784016, 13.648985473139744, 13.924545815358226, 14.204104132058184, 14.487734461386438, 14.775512215588465, 15.067514191267945, 15.36381857819196, 15.66450496648733, 15.969654352063364, 16.27934914008369, 16.593673146299135, 16.912711596039355, 17.23655112064907, 17.565279751139347, 17.898986908811278, 18.237763392593084, 18.581701362816762, 18.930894321143878, 19.285437086333147, 19.645425765525722, 20.01095772070595, 20.382131529977922, 20.759046943279163, 21.14180483213513
[52], -3.270808935066552, -3.1954834429983237, -3.119496380151245, -3.04283926324939, -2.9655034683400587, -2.8874802279819134, -2.8087606283685616, -2.729335606386159, -2.6491959466032853, -2.5683322781914777, -2.4867350717746497, -2.404394636205461, -2.3213011152670293, -2.237444484298057, -2.1528145467391315, -2.067400930598772, -1.9811930848366537, -1.894180275662235, -1.8063515827466365, -1.7176958953453942, -1.6282019083301194, -1.5378581181263702, -1.4466528185559033, -1.354574096580456, -1.261609827944564, -1.1677476727154574, -1.072975070716623, -0.9772792368529497, -0.8806471563245525, -0.783065579726378, -0.6845210180310706, -0.584999737451663, -0.4844877541815506, -0.3829708290086415, -0.28043446180007103, -0.17686388585511453, -0.07224406212225158, 0.033440326722543115, 0.14020488233964187, 0.24806549693563154, 0.35703835962220937, 0.4671399629281776, 0.5783871094680747, 0.6907969187709276, 0.8043868342736558, 0.9191746304822296, 1.0351784203051138, 1.1524166625628878, 1.2709081696780122, 1.3906721155490689, 1.5117280436138225, 1.6340958751050252, 1.7577959175036175, 1.8828488731938582, 2.0092758483243744, 2.1370983618800463, 2.2663383549692244, 2.397018200330487, 2.529160712064243, 2.662789155593114, 2.797927257856016, 2.9345992177409648, 3.072829716760468, 3.212643929974899, 3.3540675371681754, 3.4971267342799734, 3.64184824509981, 3.7882593332267187, 3.9363878142991693, 4.086262068499661, 4.237911053337877, 4.391364316716766, 4.546652010284886, 4.703804903079359, 4.862854395462271, 5.023832533354115, 5.186772022766861, 5.35170624463982, 5.518669269979823, 5.6876958753080595, 5.8588215584149586, 6.032082554423727, 6.207515852163285, 6.38515921085004, 6.565051177077989, 6.747231102114944, 6.931739159503145, 7.118616362960359, 7.307904584577565, 7.4996465733076185, 7.69388597373862, 7.89066734514416, 8.090036180801297, 8.29203892756563, 8.496723005691386, 8.704136828882408, 8.914329824558113, 9.127352454316593, 9.343256234574588, 9.562093757361668, 9.783918711243448, 10.008785902345798, 10.236751275448682, 10.467871935115863, 10.702206166821586, 10.93981345803344, 11.18075451920504, 11.425091304628317, 11.672887033090774, 11.924206208277287, 12.179114638851418, 12.437679458144778, 12.699969143377043, 12.966053534322421, 13.236003851331859, 13.509892712611576, 13.787794150651768, 14.069783627689944, 14.355938050084161, 14.646335781462582, 14.941056654504658, 15.240181981198674, 15.543794561409136, 15.851978689574983, 16.1648201593471, 16.482406265959956, 16.804825806118092, 17.13216907516328, 17.464527861272753, 17.80199543642275, 18.14466654383416, 18.492637381600193, 18.84600558217736, 19.20487018740227, 19.569331618677353, 19.939491641949115, 20.31545332708134, 20.697321001206323
[53], -3.520652134860015, -3.446322723021374, -3.3713387663503425, -3.2956918410106737, -3.2193733827932847, -3.1423746842921476, -3.064686892014822, -2.9863010034261666, -2.9072078639234795, -2.8273981637409276, -2.7468624347823756, -2.66559104737951, -2.5835742069746996, -2.5008019507255876, -2.4172641440300424, -2.3329504769691787, -2.2478504606664105, -2.16195342356035, -2.075248507589517, -1.9877246642861586, -1.8993706507776051, -1.8101750256918023, -1.72012614496557, -1.6292121575522254, -1.5374210010267457, -1.4447403970851038, -1.3511578469359498, -1.2566606265807194, -1.1612357819806158, -1.0648701241065208, -0.9675502238693946, -0.8692624069280331, -0.7699927483709769, -0.6697270672692898, -0.5684509210972294, -0.46614960001717265, -0.36280812102538473, -0.25841122195552846, -0.15294335533558842, -0.04638868209525802, 0.06126893488035791, 0.17004593735443962, 0.2799590785033652, 0.3910254298472409, 0.5032623883493317, 0.6166876836895064, 0.7313193857150818, 0.8471759120739495, 0.9642760360341612, 1.0826388944943208, 1.2022839961897462, 1.3232312300984208, 1.4455008740519766, 1.5691136035562372, 1.6940905008260543, 1.820453064039551, 1.9482232168167357, 2.0774233179270616, 2.2080761712316908, 2.3402050358648796, 2.4738336366602462, 2.6089861748264664, 2.74568733887823, 2.883962315827086, 3.0238368026376734, 3.1653370179547307, 3.308489714105417, 3.4533221893829174, 3.5998623006156665, 3.748138476027652, 3.8981797283946666, 4.050015668501105, 4.203676518902381, 4.3591931279970195, 4.516596984413428, 4.67592023171472, 4.837195683426274, 5.000456838388963, 5.165737896442082, 5.333073774438259, 5.502500122593514, 5.674053341174156, 5.847770597522415, 6.023689843421845, 6.201849832802829, 6.382290139788235, 6.565051177077989, 6.750174214670967, 6.937701398921472, 7.12767577192648, 7.320141291238991, 7.515142849901682, 7.712726296792767, 7.912938457276571, 8.115827154147304, 8.32144122885469, 8.529830562997509, 8.741046100068932, 8.955139867435928, 9.172164998531755, 9.392175755239249, 9.61522755043834, 9.841376970689456, 10.070681799020631, 10.303201037782527, 10.538994931532098, 10.778124989901567, 11.020654010404298, 11.266646101125488, 11.51616670323952, 11.769282613290828, 12.026062005169232, 12.286574451704299, 12.550890945796269, 12.819083920994444, 13.091227271425831, 13.367396370968159, 13.647668091553722, 13.932120820479762, 14.220834476591943, 14.513890525196675, 14.811371991546519, 15.11336347273105, 15.419951147792862, 15.731222785874795, 16.047267752190574, 16.368177011595787, 16.69404312952034, 17.024960270007114, 17.361024190584555, 17.702332233681666, 18.04898331427615, 18.40107790344606, 18.75871800747486, 19.122007142138866, 19.491050301783943, 19.86595392277607, 20.246825840887414
[54], -3.77114157077802, -3.69781652494316, -3.6238440978243838, -3.5492159277853657, -3.473923513184435, -3.3979582095400405, -3.3213112266297014, -3.2439736255217366, -3.1659363155370976, -3.0871900511398787, -3.0077254287549566, -2.9275328835102883, -2.846602685902316, -2.7649249383824674, -2.6824895718624147, -2.599286342136508, -2.515304826218595, -2.430534418591505, -2.344964327366648, -2.2585835703516524, -2.1713809710232463, -2.083345154403353, -1.9944645428355172, -1.9047273516593495, -1.814121584780167, -1.7226350301310043, -1.630255255024524, -1.536969601391651, -1.4427651809041275, -1.347628869977786, -1.25154730465379, -1.1545068753542291, -1.0564937215092984, -0.9574937260522155, -0.8574925097786977, -0.7564754255678436, -0.6544275524598637, -0.5513336895882432, -0.447178349961479, -0.34194575409118017, -0.23561982346228882, -0.12818417384167588, -0.019622108420509012, 0.09008338921311929, 0.20094966227649413, 0.31299438817299713, 0.42623558605645767, 0.5406916245833608, 0.6563812298575165, 0.7733234935724064, 0.8915378813555608, 1.011044241320026, 1.1318628128284216, 1.2540142354740378, 1.3775195582845974, 1.5024002491537962, 1.6286782045063983, 1.75637575920144, 1.8855156966801327, 2.016121259363275, 2.1482161593039972, 2.281824589101877, 2.4169712330836264, 2.5536812787565037, 2.691980428540078, 2.8318949117822156, 2.97345149706533, 3.1166775048082496, 3.261600820169856, 3.4082499062602936, 3.556653817665246, 3.706842214289113, 3.8588453755225465, 4.012694214739776, 4.1684202941309865, 4.326055839875268, 4.485633757658363, 4.647187648540608, 4.81075182517911, 4.976361328408335, 5.144051944183227, 5.313860220887713, 5.485823487012092, 5.659979869201395, 5.836368310676717, 6.015028590031026, 6.196001340399613, 6.379328069005441, 6.565051177077989, 6.753213980143974, 6.943860728686753, 7.137036629170201, 7.332787865422012, 7.531161620369099, 7.732206098117718, 7.9359705463674475, 8.14250527914793, 8.351861699864845, 8.564092324638732, 8.779250805919276, 8.997391956354004, 9.218571772888232, 9.442847461069805, 9.670277459529503, 9.900921464603366, 10.134840455060974, 10.372096716898255, 10.612753868149877, 10.85687688367086, 11.10453211983259, 11.355787339072537, 11.610711734230822, 11.869375952600882, 12.131852119614406, 12.398213862073113, 12.66853633083238, 12.942896222833335, 13.22137180237038, 13.504042921472264, 13.79099103926398, 14.082299240165614, 14.378052250773102, 14.678336455252829, 14.983239909069033, 15.292852350848788, 15.607265212174442, 15.926571625077571, 16.25086642699198, 16.580246162905457, 16.914809084431845, 17.254655145505268, 17.59988599437798, 17.950604961582645, 18.306917043496686, 18.668928881124323, 19.036748733687226, 19.41048644659054, 19.790253413305674
[55], -4.022270141159147, -3.94995768527813, -3.8770051488862456, -3.8034042353170703, -3.729146508330859, -3.654223389270869, -3.57862615415298, -3.5023459306866047, -3.4253736952254785, -3.347700269645858, -3.2693163181509286, -3.1902123439991037, -3.110378686154169, -3.029805515855596, -2.948482833106323, -2.8664004630765114, -2.783548052420644, -2.6999150655057167, -2.615490780548162, -2.5302642856574944, -2.444224474783494, -2.3573600435650492, -2.2696594850777037, -2.181111085477237, -2.091702919536662, -2.0014228460737544, -1.910258503266226, -1.8181973038513748, -1.7252264302075233, -1.6313328293138323, -1.5365032075853848, -1.440724025580056, -1.3439814925740903, -1.2462615610026695, -1.1475499207618607, -1.0478319933686333, -0.9470929259747765, -0.8453175852310228, -0.7424905509976933, -0.6385961098972799, -0.5336182487055071, -0.42754064757591154, -0.32034667309434944, -0.21201937115811684, -0.10254145967629669, 0.008104678914595449, 0.11993700532350852, 0.23297383127146193, 0.3472338275567197, 0.4627360323240038, 0.579499859542224, 0.6975451076966295, 0.8168919687004164, 0.9375610370314701, 1.0595733190996328, 1.182950242850325, 1.3077136676103458, 1.4338858941816832, 1.5614896751890013, 1.6905482256876827, 1.8210852340375325, 1.9531248730490975, 2.0866918114087514, 2.2218112253885827, 2.3585088108480248, 2.4968107955330887, 2.6367439516802897, 2.778335608931429, 2.9216136675656177, 3.0666066120557924, 3.213343524955401, 3.3618541011221965, 3.512168662285561, 3.6643181719636875, 3.81833425073686, 3.974249191882853, 4.132095977380802, 4.291908294288888, 4.453720551501953, 4.61756789689402, 4.783486234850733, 4.951512244196802, 5.1216833965225, 5.294037974913122, 5.468615093084973, 5.645454714930444, 5.824597674474815, 6.006085696245809, 6.189961416057004, 6.376268402204815, 6.565051177077989, 6.756355239177459, 6.950227085543163, 7.14671423458336, 7.345865249300183, 7.547729760903934, 7.752358492806808, 7.959803284984873, 8.17011711869472, 8.383354141529816, 8.599569692798115, 8.818820329200515, 9.041163850786715, 9.266659327161324, 9.495367123910945, 9.727348929217372, 9.962667780619695, 10.201388091882885, 10.443575679925672, 10.689297791755823, 10.938623131354957, 11.191621886449509, 11.448365755097495, 11.708927972014395, 11.973383334553322, 12.241808228247445, 12.514280651813118, 12.790880241503753, 13.071688294693997, 13.356787792563287, 13.64626342173669, 13.940201594728743, 14.238690469022751, 14.541819964604606, 14.849681779755603, 15.162369404892246, 15.479978134225838, 15.802605074995933, 16.13034915401347, 16.463311121230515, 16.80159355003168, 17.145300833921404, 17.494539179258368, 17.849416593663957, 18.21004286970731, 18.576529563443433, 18.94898996735315, 19.327539077207362
[56], -4.2740306098347665, -4.2027389033265665, -4.130814553864932, -4.0582493325315205, -3.985034871331721, -3.9111626603438374, -3.8366240448007334, -3.761410222102075, -3.6855122387556283, -3.6089209872451486, -3.5316272028235955, -3.4536214602291953, -3.37489417032268, -3.2954355766430505, -3.2152357518805736, -3.1342845942638458, -3.05257182385931, -2.9700869787806945, -2.886819411305607, -2.802758283897653, -2.7178925651304664, -2.6322110255119964, -2.545702233205594, -2.458354549645756, -2.3701561250453254, -2.281094893791091, -2.191158569725498, -2.100334641310323, -2.008610366670223, -1.9159727685120682, -1.8224086289173294, -1.727904484003531, -1.6324466184518382, -1.5360210598966868, -1.4386135731740424, -1.3402096544241937, -1.240794525045518, -1.1403531254949189, -1.0388701089310426, -0.9363298346957948, -0.8327163616300604, -0.7280134412191261, -0.6222045105631452, -0.5152726851681427, -0.4072007515527023, -0.2979711596653453, -0.18756601510787133, -0.07596707115918819, 0.03684427940535411, 0.15088701270462315, 0.26618048235777614, 0.38274442831154576, 0.5005989858939311, 0.6197646951010354, 0.7402625101221657, 0.8621138091096322, 0.9853404041996321, 1.1099645517902255, 1.2360089630830162, 1.3634968148950024, 1.492451760747364, 1.622897942237778, 1.7548600007032575, 1.8883630891804122, 2.023432884670124, 2.1600956007138685, 2.2983780002886243, 2.438307409027931, 2.579911728776088, 2.7232194514831103, 2.8682596734473007, 3.01506210991359, 3.1636571100340514, 3.314075672198633, 3.466349459743102, 3.6205108170412017, 3.7765927859884734, 3.934629122884489, 4.094654315720158, 4.256703601877182, 4.420812986245285, 4.587019259764158, 4.7553600183950895, 4.925873682528222, 5.098599516830182, 5.273577650536533, 5.450849098192873, 5.630455780848361, 5.812440547703398, 5.99684719821434, 6.1837205046549215, 6.373106235135433, 6.565051177077989, 6.759603161145138, 6.956811085619092, 7.156724941225349, 7.35939583639451, 7.564876022953611, 7.773218922236182, 7.984479151598302, 8.198712551325944, 8.415976211915476, 8.636328501706885, 8.859829094846502, 9.086538999551642, 9.316520586647165, 9.549837618339023, 9.786555277185842, 10.026740195225267, 10.270460483205957, 10.517785759871105, 10.768787181233863, 11.023537469776977, 11.282110943503971, 11.54458354476024, 11.811032868735115, 12.081538191546374, 12.356180497800576, 12.635042507510848, 12.91820870224454, 13.205765350360123, 13.497800531181209, 13.794404157941477, 14.095667999320796, 14.401685699376511, 14.712552795659075, 15.02836673528209, 15.349226888700212, 15.675234560927382, 16.006492999908065, 16.34310740173189, 16.685184912359126, 17.032834625499607, 17.386167576263045, 17.745296730170566, 18.110336967090397, 18.48140505963067, 18.85861964549172
[57], -4.526415606576835, -4.4561527416150275, -4.385264807537855, -4.313743645959717, -4.241580959981709, -4.1687683113351435, -4.095297117457354, -4.021158648496782, -3.946344024246824, -3.870844211005267, -3.794650018358399, -3.717752095886868, -3.6401409297918, -3.5618068394388596, -3.48273997381791, -3.4029303079160633, -3.322367639002104, -3.2410415828191104, -3.158941569683747, -3.0760568404889166, -2.9923764426076156, -2.907889225695057, -2.822583837386398, -2.7364487188871194, -2.6494721004535826, -2.56164199675975, -2.4729462021482127, -2.383372285761469, -2.2929075865503665, -2.2015392081567136, -2.109254013666078, -2.0160386202276883, -1.9218793935372644, -1.826762442179753, -1.7306736118273593, -1.6335984792893656, -1.5355223464095882, -1.436430233807249, -1.3363068744570399, -1.2351367071037187, -1.1329038695072995, -1.0295921915134636, -0.925185187944968, -0.8196660513090158, -0.7130176443153704, -0.6052224922005827, -0.4962627748523522, -0.38612031872929037, -0.27477658857013, -0.16221267888706473, -0.04840930523675496, 0.06665320473583433, 0.18299492048806612, 0.3006363180101287, 0.41959828950183503, 0.5399021533026962, 0.6615696640813755, 0.784623023291469, 0.9090848899006364, 1.034978391400002, 1.162327135100797, 1.2911552197262368, 1.4214872473048334, 1.5533483353742368, 1.6867641295017544, 1.8217608161304597, 1.958365135758036, 2.0966043964568315, 2.2365064877426293, 2.378099894800862, 2.5214137130780294, 2.6664776632466403, 2.813322106552026, 2.9619780605491646, 3.11247721523827, 3.264851949606427, 3.419135348584575, 3.5753612204272316, 3.7335641145232685, 3.8937793396455502, 4.056042982647254, 4.220391927612016, 4.386863875465813, 4.55549736405685, 4.726331788710217, 4.899407423263888, 5.074765441591039, 5.2524479396145125, 5.432497957817497, 5.614959504254297, 5.7998775780645335, 5.987298193492389, 6.1772684044124215, 6.369836329361855, 6.565051177077989, 6.762963272538243, 6.963624083498724, 7.167086247525209, 7.373403599509337, 7.582631199659787, 7.794825361956684, 8.01004368305445, 8.228345071616516, 8.449789778060811, 8.674439424693274, 8.9023570362018, 9.133607070480206, 9.368255449746588, 9.606369591916321, 9.848018442185237, 10.093272504772038, 10.342203874764367, 10.594886270005057, 10.851395062949722, 11.111807312417863, 11.376201795152278, 11.64465903709256, 11.917261344258918, 12.194092833132256, 12.475239460405433, 12.760789051968798, 13.050831330979976, 13.345457944854514, 13.644762490999392, 13.948840541094706, 14.257789663713229, 14.571709445048755, 14.890701507504815, 15.214869525875466, 15.544319240827559, 15.879158469370976, 16.21949711197889, 16.565447155994043, 16.917122674929768, 17.274639823245707, 17.638116826147936, 18.00767396393125, 18.38343355034872

lon.Y[58]
0, 16000, 32000, 48000, 64000, 80000, 96000, 112000, 128000, 144000, 160000, 176000, 192000, 208000, 224000, 240000, 256000, 272000, 288000, 304000, 320000, 336000, 352000, 368000, 384000, 400000, 416000, 432000, 448000, 464000, 480000, 496000, 512000, 528000, 544000, 560000, 576000, 592000, 608000, 624000, 640000, 656000, 672000, 688000, 704000, 720000, 736000, 752000, 768000, 784000, 800000, 816000, 832000, 848000, 864000, 880000, 896000, 912000

lon.X[138]
0, 16000, 32000, 48000, 64000, 80000, 96000, 112000, 128000, 144000, 160000, 176000, 192000, 208000, 224000, 240000, 256000, 272000, 288000, 304000, 320000, 336000, 352000, 368000, 384000, 400000, 416000, 432000, 448000, 464000, 480000, 496000, 512000, 528000, 544000, 560000, 576000, 592000, 608000, 624000, 640000, 656000, 672000, 688000, 704000, 720000, 736000, 752000, 768000, 784000, 800000, 816000, 832000, 848000, 864000, 880000, 896000, 912000, 928000, 944000, 960000, 976000, 992000, 1008000, 1024000, 1040000, 1056000, 1072000, 1088000, 1104000, 1120000, 1136000, 1152000, 1168000, 1184000, 1200000, 1216000, 1232000, 1248000, 1264000, 1280000, 1296000, 1312000, 1328000, 1344000, 1360000, 1376000, 1392000, 1408000, 1424000, 1440000, 1456000, 1472000, 1488000, 1504000, 1520000, 1536000, 1552000, 1568000, 1584000, 1600000, 1616000, 1632000, 1648000, 1664000, 1680000, 1696000, 1712000, 1728000, 1744000, 1760000, 1776000, 1792000, 1808000, 1824000, 1840000, 1856000, 1872000, 1888000, 1904000, 1920000, 1936000, 1952000, 1968000, 1984000, 2000000, 2016000, 2032000, 2048000, 2064000, 2080000, 2096000, 2112000, 2128000, 2144000, 2160000, 2176000, 2192000


lat.lat[58][138]
[0], 54.29489732781292, 54.417312516952286, 54.53967326268798, 54.66197759792222, 54.78422353172929, 54.90640904901365, 55.02853211016233, 55.150590650692045, 55.27258258089074, 55.39450578545335, 55.51635812311201, 55.63813742626051, 55.759841500572655, 55.88146812461498, 56.0030150494534, 56.124479998253626, 56.245860665875625, 56.367154718461826, 56.48835979301901, 56.60947349699386, 56.73049340784213, 56.8514170725913, 56.97224200739669, 57.092965697090975, 57.213585594726986, 57.33409912111385, 57.45450366434624, 57.57479657932689, 57.694975187282054, 57.81503677527021, 57.93497859568349, 58.05479786574241, 58.17449176698308, 58.29405744473771, 58.413492007607516, 58.53279252692885, 58.651956036231724, 58.77097953069126, 58.88985996657189, 59.0085942606641, 59.127179289713965, 59.24561188984553, 59.36388885597552, 59.482006941220995, 59.59996285629983, 59.71775326892354, 59.83537480318323, 59.952824038928306, 60.070097511137696, 60.18719170928448, 60.30410307669304, 60.42082800988951, 60.537362857945304, 60.653703921813765, 60.76984745366019, 60.88578965618531, 61.00152668194241, 61.11705463264798, 61.23236955848643, 61.34746745740873, 61.462344274425355, 61.576995900893714, 61.69141817380001, 61.80560687503635, 61.91955773067275, 62.033266410224705, 62.146728525916565, 62.259939631940604, 62.3728952237131, 62.48559073712656, 62.59802154779956, 62.71018297032391, 62.822070257509935, 62.93367859963009, 63.04500312366177, 63.15603889252944, 63.26678090434688, 63.37722409166017, 63.48736332069164, 63.59719339058619, 63.70670903265977, 63.815904909651536, 63.92477561497992, 64.03331567200365, 64.14151953328862, 64.24938157988122, 64.35689612058944, 64.46405739127236, 64.57085955413935, 64.67729669705969, 64.7833628328843, 64.88905189878005, 64.99435775557839, 65.09927418713939, 65.2037948997325, 65.30791352143537, 65.4116236015524, 65.51491861005414, 65.6177919370395, 65.720236892222, 65.82224670444204, 65.92381452120692, 66.02493340825983, 66.12559634918085, 66.22579624502052, 66.32552591396896, 66.42477809106235, 66.52354542792843, 66.62182049257393, 66.71959576921574, 66.81686365815824, 66.91361647571898, 67.00984645420569, 67.10554574194647, 67.20070640337623, 67.29532041918186, 67.38937968650852, 67.48287601923047, 67.57580114828853, 67.66814672209755, 67.75990430702647, 67.8510653879542, 67.94162136890404, 68.03156357375981, 68.12088324706707, 68.20957155492175, 68.29761958595014, 68.38501835238311, 68.4717587912273, 68.55783176553716, 68.64322806579052, 68.727938411371, 68.81195345216034, 68.89526377024377, 68.97785988173179, 69.05973223870072, 69.14087123125583, 69.22126718971923
[1], 54.36172019056603, 54.48442537126836, 54.6070778160294, 54.72967556935262, 54.85221665194903, 54.97469906039305, 55.0971207667727, 55.2194797183343, 55.341773837121515, 55.46400101960852, 55.58615913632749, 55.7082460314901, 55.830259522603036, 55.9521974000775, 56.07405742683256, 56.19583733789226, 56.31753483997643, 56.439147611085275, 56.56067330007732, 56.68210952624096, 56.80345387885942, 56.92470391676909, 57.04585716791098, 57.166911128875576, 57.28786326444072, 57.408711007102546, 57.529451756599435, 57.650082879428986, 57.77060170835775, 57.89100554192384, 58.011291643932275, 58.131457242943064, 58.25149953175191, 58.37141566686363, 58.49120276795794, 58.61085791734792, 58.730378159430906, 58.84976050013193, 58.969001906339365, 59.088099305333216, 59.20704958420568, 59.325849589273986, 59.444496125485806, 59.5629859558168, 59.68131580066078, 59.799482337211856, 59.917482198839494, 60.03531197445556, 60.15296820787398, 60.27044739716303, 60.38774599398986, 60.504860402958016, 60.62178698093737, 60.738522036386854, 60.85506182867027, 60.97140256736482, 61.08754041156279, 61.20347146916672, 61.31919179617748, 61.434697395976265, 61.5499842186002, 61.66504816001183, 61.77988506136262, 61.89449070825098, 62.00886082997487, 62.12299109877906, 62.23687712909781, 62.35051447679274, 62.46389863838675, 62.57702505029381, 62.68988908804546, 62.80248606551417, 62.91481123413394, 63.02685978211896, 63.13862683368028, 63.25010744824142, 63.361296619653324, 63.472189275409384, 63.582780275860614, 63.693064413432516, 63.80303641184348, 63.91269092532588, 64.02202253785056, 64.1310257623555, 64.23969503997941, 64.3480247393012, 64.45600915558643, 64.56364251004138, 64.67091894907595, 64.77783254357665, 64.88437728819024, 64.99054710061998, 65.09633582093488, 65.20173721089405, 65.30674495328662, 65.41135265128955, 65.51555382784399, 65.61934192505221, 65.7227103035963, 65.8256522421808, 65.92816093700021, 66.030229501234, 66.13185096457016, 66.2330182727598, 66.33372428720429, 66.43396178457752, 66.53372345648458, 66.63300190916001, 66.73178966320702, 66.83007915338044, 66.9278627284157, 67.02513265090619, 67.12188109723168, 67.21810015754005, 67.31378183578568, 67.40891804982624, 67.50350063158159, 67.59752132725696, 67.69097179763382, 67.78384361843105, 67.8761282807395, 67.9678171915333, 68.05890167426058, 68.14937296951719, 68.23922223580634, 68.32844055038753, 68.41701891021813, 68.50494823299076, 68.59221935826967, 68.67882304873005, 68.76474999150271, 68.84999079962827, 68.93453601362373, 69.0183761031648, 69.1015014688875, 69.18390244431174, 69.26556929789074, 69.34649223518866
[2], 54.42811698184584, 54.55111129828844, 54.67405459377726, 54.79694492466103, 54.91978032353678, 55.042558798903464, 55.16527833481014, 55.287936890498315, 55.410532400038534, 55.53306277196114, 55.65552588888109, 55.77791960711661, 55.900241756301966, 56.022490138993895, 56.14466253027171, 56.266756677331195, 56.38877029907202, 56.510701085678605, 56.63254669819435, 56.754304768089334, 56.87597289682112, 56.99754865538876, 57.11902958387998, 57.24041319101129, 57.36169695366101, 57.482878316395265, 57.603954690986754, 57.72492345592615, 57.84578195592622, 57.966527501418675, 58.08715736804327, 58.20766879612951, 58.32805899017102, 58.44832511829167, 58.568464311704666, 58.68847366416338, 58.80835023140466, 58.92809103058425, 59.04769303970433, 59.16715319703301, 59.28646840051626, 59.4056355071814, 59.524651332533026, 59.64351264994075, 59.762216190018925, 59.88075863999846, 59.99913664309074, 60.117346797843354, 60.23538565748808, 60.35324972928095, 60.47093547383422, 60.58843930444088, 60.705757586391215, 60.82288663628161, 60.939822721316, 61.0565620585995, 61.17310081442505, 61.28943510355242, 61.405560988480175, 61.52147447871085, 61.63717153000906, 61.75264804365304, 61.8678998656798, 61.982922786124064, 62.09771253825101, 62.21226479778361, 62.32657518212417, 62.440639249570864, 62.554452498529514, 62.66801036672059, 62.781308230382265, 62.894341403469745, 63.00710513685105, 63.11959461750013, 63.23180496768741, 63.343731244168524, 63.455368437371654, 63.566711470584, 63.677755199138204, 63.788494409598904, 63.898923818950806, 64.00903807378836, 64.1188317495079, 64.22829934950352, 64.33743530436679, 64.44623397109179, 64.55468963228617, 64.66279649538906, 64.77054869189709, 64.87794027659962, 64.98496522682392, 65.09161744169202, 65.19789074139007, 65.30377886645151, 65.40927547705573, 65.51437415234321, 65.61906838974896, 65.72335160435546, 65.82721712826701, 65.93065821000697, 66.03366801393945, 66.13623961971783, 66.23836602176122, 66.34004012876134, 66.44125476322155, 66.5420026610302, 66.6422764710705, 66.742068754869, 66.84137198628511, 66.94017855124372, 67.03848074751394, 67.13627078453592, 67.23354078329851, 67.33028277627065, 67.4264887073888, 67.52215043210366, 67.61725971748872, 67.7118082424137, 67.80578759778605, 67.89918928686326, 67.99200472563929, 68.08422524330864, 68.17584208281038, 68.2668464014568, 68.3572292716486, 68.44698168168124, 68.53609453664492, 68.62455865942235, 68.71236479178724, 68.79950359560777, 68.8859656541574, 68.9717414735378, 69.05682148421658, 69.14119604268335, 69.22485543322821, 69.3077898698455, 69.3899894982661, 69.47144439812253
[3], 54.49408449211077, 54.617367060804455, 54.74060033080974, 54.8637823705636, 54.98691122479719, 55.10998491418773, 55.23300143500432, 55.3559587587483, 55.4788548317875, 55.60168757498458, 55.72445488331927, 55.847154625504466, 55.9697846435962, 56.09234275259702, 56.21482674005328, 56.337234365645735, 56.45956336077354, 56.5818114281317, 56.70397624128175, 56.82605544421543, 56.94804665091174, 57.06994744488665, 57.191755378736026, 57.313467973671145, 57.43508271904714, 57.55659707188405, 57.67800845638033, 57.79931426341921, 57.920511850067086, 58.041598539064566, 58.162571618309734, 58.28342834033366, 58.404165921767884, 58.52478154280438, 58.645272346647154, 58.7656354389561, 58.88586788728263, 59.005966720497234, 59.12592892820892, 59.24575146017629, 59.365431225710566, 59.484965093070095, 59.60434988884685, 59.72358239734428, 59.842659359947, 59.96157747448212, 60.08033339457213, 60.19892372897953, 60.31734504094306, 60.4355938475056, 60.55366661883382, 60.671559777529644, 60.789269697933385, 60.90679270541874, 61.02412507568001, 61.14126303401081, 61.25820275457545, 61.37494035967214, 61.491471918988715, 61.60779344885079, 61.72390091146258, 61.83979021414052, 61.9554572085397, 62.07089768987382, 62.18610739612823, 62.301082007266736, 62.415817144432445, 62.53030836914244, 62.64455118247747, 62.75854102426594, 62.87227327226336, 62.985743241327384, 63.09894618258862, 63.211877282617934, 63.324531662590665, 63.436904377448045, 63.54899041505663, 63.660784695366075, 63.772282069565925, 63.88347731924224, 63.994365155534226, 64.10494021829214, 64.21519707523689, 64.32513022112228, 64.43473407690033, 64.54400298889135, 64.6529312279588, 64.76151298869048, 64.86974238858696, 64.97761346725811, 65.08512018562904, 65.1922564251568, 65.29901598705861, 65.40539259155334, 65.51137987711738, 65.6169713997564, 65.72216063229452, 65.82694096368219, 65.93130569832479, 66.0352480554332, 66.13876116839852, 66.2418380841923, 66.34447176279453, 66.44665507665147, 66.54838081016439, 66.64964165921307, 66.75043023071436, 66.85073904221937, 66.95056052155131, 67.04988700648596, 67.1487107444778, 67.24702389243437, 67.34481851654104, 67.44208659213938, 67.53882000366187, 67.63501054462556, 67.73064991768821, 67.82572973476917, 67.92024151723898, 68.01417669618, 68.10752661272225, 68.200282518457, 68.29243557593169, 68.38397685923009, 68.47489735464049, 68.56518796141597, 68.65483949263012, 68.74384267613183, 68.8321881556029, 68.9198664917222, 69.00686816343973, 69.0931835693648, 69.17880302927166, 69.26371678572642, 69.34791500583894, 69.43138778314334, 69.51412513961057, 69.59611702779709
[4], 54.55961950957198, 54.683189419112814, 54.80671175925482, 54.93018461076487, 55.053606030755326, 55.17697405233398, 55.30028668424802, 55.42354191052226, 55.54673769009117, 55.669871956424885, 55.79294261714917, 55.91594755365888, 56.0388846207252, 56.16175164609636, 56.284546430091886, 56.40726674519017, 56.52991033560924, 56.65247491688087, 56.77495817541762, 56.89735776807302, 57.01967132169456, 57.14189643266952, 57.26403066646359, 57.38607155715213, 57.508016606943876, 57.62986328569726, 57.75160903042905, 57.8732512448153, 57.99478729868454, 58.116214527503075, 58.23753023185238, 58.35873167689844, 58.47981609185308, 58.60078066942704, 58.721622565274956, 58.842338897431794, 58.96292674574122, 59.083383151275434, 59.203705115746494, 59.3238896009091, 59.443933527954876, 59.563833776898115, 59.683587185952646, 59.80319055090019, 59.9226406244501, 60.04193411559002, 60.161067688928185, 60.28003796402677, 60.39884151472665, 60.517474868463125, 60.63593450557331, 60.75421685859452, 60.872318311554274, 60.99023519925148, 61.10796380652918, 61.22550036753881, 61.34284106499606, 61.459982029428424, 61.576919338414534, 61.693649015815595, 61.810167030998635, 61.92646929805218, 62.04255167499424, 62.15840996297282, 62.274039905459475, 62.38943718743555, 62.504597434571885, 62.61951621240199, 62.73418902548907, 62.84861131658718, 62.962778465796845, 63.07668578971551, 63.190328540583195, 63.30370190542388, 63.41680100518302, 63.52962089386131, 63.64215655764615, 63.75440291404019, 63.866354810988234, 63.97800702600322, 64.08935426529155, 64.20039116287839, 64.31111227973426, 64.42151210290307, 64.53158504463286, 64.64132544150982, 64.75072755359659, 64.85978556357604, 64.96849357590112, 65.07684561595224, 65.18483562920301, 65.29245748039588, 65.39970495272834, 65.5065717470518, 65.61305148108352, 65.71913768863406, 65.82482381885082, 65.93010323547989, 66.03496921614743, 66.13941495166254, 66.24343354534318, 66.34701801236702, 66.45016127914946, 66.55285618275028, 66.65509547031137, 66.7568717985276, 66.858177733153, 66.95900574854461, 67.05934822724655, 67.15919745961627, 67.25854564349633, 67.35738488393376, 67.45570719294972, 67.55350448936271, 67.65076859866792, 67.74749125297565, 67.84366409101203, 67.93927865818512, 68.0343264067196, 68.12879869586338, 68.22268679216926, 68.31598186985576, 68.40867501124967, 68.50075720731473, 68.59221935826967, 68.68305227429929, 68.77324667636258, 68.86279319710145, 68.95168238185389, 69.03990468977581, 69.12745049507463, 69.21431008835962, 69.30047367811193, 69.3859313922788, 69.47067327999558, 69.55468931343967, 69.63796938981974, 69.720503333505
[5], 54.62471882059073, 54.74857513141511, 54.87238560889423, 54.99614834636507, 55.11986141356688, 55.243522856289125, 55.36713069601386, 55.490682929551696, 55.61417752867197, 55.73761243972657, 55.860985583267365, 55.98429485365748, 56.107538118675876, 56.230713219115415, 56.353817968374265, 56.47685015204051, 56.599807527469906, 56.722687823356615, 56.84548873929693, 56.96820794534587, 57.09084308156642, 57.21339175757153, 57.33585155205855, 57.4582200123363, 57.58049465384428, 57.702672959664454, 57.82475238002481, 57.94673033179552, 58.06860419797658, 58.19037132717778, 58.312029033090305, 58.43357459395009, 58.55500525199291, 58.67631821290101, 58.797510645241225, 58.918579679894506, 59.03952240947699, 59.16033588775205, 59.2810171290339, 59.40156310758213, 59.52197075698737, 59.64223696954822, 59.762358595638986, 59.882332443068236, 60.00215527642891, 60.12182381643841, 60.241334739270485, 60.36068467587725, 60.47987021130257, 60.598887883985874, 60.71773418505716, 60.83640555762266, 60.9548983960415, 61.073209045193195, 61.19133379973624, 61.309268903357534, 61.42701054801315, 61.54455487316012, 61.661897964979424, 61.779035855590585, 61.895964522257536, 62.01267988658637, 62.129177813714556, 62.24545411149246, 62.36150452965688, 62.47732475899689, 62.59291043051243, 62.708257114565676, 62.82336032002546, 62.93821549340537, 63.05281801799531, 63.16716321298741, 63.2812463325962, 63.39506256517396, 63.50860703232096, 63.621874787991985, 63.73486081759875, 63.847560037109396, 63.959967292145166, 64.07207735707527, 64.18388493411017, 64.29538465239446, 64.40657106709952, 64.51743865851711, 64.6279818311546, 64.73819491283275, 64.84807215378665, 64.95760772577131, 65.06679572117241, 65.17563015212365, 65.2841049496315, 65.39221396270881, 65.4999509575184, 65.60730961652784, 65.71428353767695, 65.82086623355943, 65.92705113062001, 66.03283156836869, 66.13820079861398, 66.24315198471635, 66.34767820086431, 66.45177243137438, 66.5554275700173, 66.6586364193723, 66.76139169021172, 66.86368600091787, 66.96551187693477, 67.06686175025693, 67.1677279589573, 67.26810274675785, 67.36797826264427, 67.46734656052827, 67.56619959896008, 67.66452924089378, 67.76232725350907, 67.8595853080916, 67.95629497997597, 68.0524477485541, 68.1480349973524, 68.24304801418107, 68.33747799135935, 68.4313160260199, 68.52455312049617, 68.61718018279645, 68.70918802716835, 68.80056737475766, 68.89130885436528, 68.9814030033066, 69.07084026837674, 69.15961100692645, 69.247705488052, 69.33511389390378, 69.42182632111725, 69.50783278237088, 69.59312320807483, 69.67768744819438, 69.7615152742127, 69.84459638123663
[6], 54.6893792100834, 54.81352095422652, 54.937618607575175, 55.061670276275194, 55.185674042936775, 55.30962796628082, 55.43353008077942, 55.557378396290126, 55.68117089768408, 55.804905544467694, 55.92858027039802, 56.05219298309166, 56.17574156362686, 56.299223866139094, 56.42263771740975, 56.54598091644787, 56.66925123406496, 56.792446412442644, 56.915564164693066, 57.038602174412006, 57.16155809522462, 57.284429550323566, 57.40721413199964, 57.5299094011645, 57.652512886865786, 57.775022085794205, 57.89743446178246, 58.019747445296495, 58.141958432917924, 58.264064786818686, 58.386063834227, 58.50795286688496, 58.6297291404974, 58.751389874172254, 58.87293224985201, 58.99435341173651, 59.11565046569655, 59.23682047867876, 59.35786047810123, 59.47876745124004, 59.599538344606586, 59.72017006331564, 59.840659470444, 59.961003386379836, 60.08119858816264, 60.201241808813535, 60.321129736656154, 60.4408590146281, 60.56042623958264, 60.6798279615809, 60.7990606831745, 60.918120858678634, 61.03700489343544, 61.15570914306798, 61.274229912724536, 61.39256345631359, 61.510705975729294, 61.628653620067546, 61.74640248483286, 61.863948611136074, 61.98128798488279, 62.09841653595315, 62.215330137372625, 62.33202460447403, 62.4484956940514, 62.564739103505325, 62.68075046998017, 62.796525369493686, 62.91205931605892, 63.02734776079881, 63.142386091053844, 63.257169629483094, 63.37169363315883, 63.48595329265545, 63.599943731132775, 63.7136600034143, 63.82709709506095, 63.94024992144094, 64.05311332679581, 64.16568208330402, 64.27795089014185, 64.38991437254309, 64.50156708085763, 64.61290348960992, 64.72391799655846, 64.83460492175625, 64.94495850661421, 65.05497291296778, 65.16464222214775, 65.27396043405702, 65.38292146625331, 65.49151915304024, 65.59974724456693, 65.70759940593821, 65.81506921633638, 65.92215016815598, 66.02883566615333, 66.13511902661226, 66.24099347652756, 66.34645215280811, 66.4514881015012, 66.5560942770405, 66.66026354151886, 66.76398866398857, 66.86726231979107, 66.97007708991815, 67.0724254604074, 67.17429982177367, 67.27569246847965, 67.3765955984477, 67.47700131261588, 67.57690161454103, 67.6762884100512, 67.77515350695123, 67.87348861478395, 67.97128534465011, 68.06853520909097, 68.16522962203584, 68.26135989881901, 68.35691725626907, 68.45189281287416, 68.54627758902723, 68.64006250735477, 68.73323839313298, 68.82579597479554, 68.91772588453645, 69.00901865901265, 69.09966474015022, 69.18965447605822, 69.27897812205507, 69.36762584181079, 69.45558770861021, 69.54285370674143, 69.62941373301318, 69.71525759840652, 69.80037502986421, 69.8847556722229, 69.9683890902918
[7], 54.7535974619339, 54.878023642791895, 55.00240748163017, 55.126747097640404, 55.25104058654618, 55.375286020247884, 55.49948144646137, 55.62362488835068, 55.74771434415413, 55.87174778680421, 55.99572316354078, 56.11963839551776, 56.24349137740305, 56.36727997697154, 56.49100203469126, 56.61465536330251, 56.73823774738973, 56.86174694294614, 56.98518067693107, 57.10853664681979, 57.23181252014566, 57.355005934034764, 57.47811449473266, 57.60113577712315, 57.72406732423912, 57.84690664676543, 57.969651222533095, 58.09229849600587, 58.214845877757575, 58.337290743941566, 58.4596304357513, 58.58186225887203, 58.703983482923945, 58.82599134089623, 58.94788302857208, 59.06965570394461, 59.19130648662367, 59.31283245723317, 59.434230656799265, 59.55549808612879, 59.676631705178416, 59.79762843241407, 59.91848514416069, 60.03919867394221, 60.15976581181184, 60.28018330367233, 60.400447850586495, 60.52055610807773, 60.64050468542036, 60.760290144920425, 60.87990900118589, 60.99935772038725, 61.11863271950785, 61.23773036558429, 61.356646974936695, 61.475378812389145, 61.59392209047997, 61.71227296866235, 61.83042755249488, 61.948381892822496, 62.06613198494774, 62.18367376779233, 62.301003123049554, 62.418115874327015, 62.53500778628064, 62.65167456373937, 62.768111850821356, 62.88431523004145, 63.000280221410456, 63.11600228152649, 63.231476802658314, 63.34669911182141, 63.46166446984707, 63.57636807044461, 63.690805039257306, 63.804970432912505, 63.918859238066425, 64.03246637044377, 64.14578667387322, 64.25881491931911, 64.37154580390983, 64.48397394996375, 64.59609390401329, 64.70790013582805, 64.81938703743747, 64.93054892215407, 65.04138002359834, 65.15187449472566, 65.26202640685692, 65.37182974871335, 65.48127842545712, 65.5903662577383, 65.69908698075022, 65.80743424329376, 65.91540160685237, 66.02298254467917, 66.13017044089769, 66.2369585896175, 66.34334019406715, 66.44930836574511, 66.5548561235916, 66.65997639318235, 66.76466200594692, 66.86890569841304, 66.97270011147995, 67.0760377897221, 67.17891118072605, 67.28131263446336, 67.38323440270088, 67.4846686384525, 67.58560739547399, 67.68604262780416, 67.78596618935548, 67.885369833557, 67.98424521305242, 68.0825838794571, 68.18037728317718, 68.27761677329377, 68.37429359751658, 68.47039890220995, 68.56592373249521, 68.66085903243359, 68.75519564529287, 68.8489243139024, 68.94203568110049, 69.03452029027787, 69.1263685860223, 69.21757091486771, 69.30811752615332, 69.39799857299607, 69.48720411338176, 69.57572411137912, 69.66354843848097, 69.75066687507812, 69.83706911206919, 69.92274475261249, 70.00768331402315, 70.09187422982129
[8], 54.81737035941374, 54.94207995150961, 55.06674895630459, 55.19137550627136, 55.31595771048754, 55.44049365427921, 55.56498139885804, 55.68941898095234, 55.813804412431445, 55.93813567992375, 56.06241074442804, 56.18662754091803, 56.31078397794006, 56.434877937203986, 56.5589072731667, 56.68286981260876, 56.80676335420357, 56.9305856680791, 57.054334495372295, 57.178007547775664, 57.30160250707616, 57.42511702468629, 57.54854872116718, 57.671895185743544, 57.79515397581055, 57.91832261643217, 58.04139859983149, 58.164379384872, 58.28726239653067, 58.4100450253619, 58.532724626953005, 58.65529852137033, 58.777763992596554, 58.900118287958676, 59.02235861754679, 59.14448215362337, 59.26648603002319, 59.38836734154347, 59.51012314332463, 59.631750450220906, 59.753246236161424, 59.87460743350109, 59.9958309323616, 60.11691357996231, 60.23785217994095, 60.35864349166396, 60.479284229526776, 60.59977106224348, 60.72010061212626, 60.84026945435443, 60.96027411623276, 61.08011107643949, 61.19977676426377, 61.31926755883265, 61.43857978832739, 61.5577097291894, 61.676653605315536, 61.79540758724325, 61.91396779132484, 62.03233027889195, 62.150491055409255, 62.26844606961842, 62.386191212671605, 62.50372231725536, 62.62103515670442, 62.73812544410624, 62.85498883139553, 62.97162090844007, 63.088017202117165, 63.20417317538134, 63.32008422632377, 63.43574568722304, 63.55115282358852, 63.666300833195685, 63.781184845114865, 63.89579991873262, 64.01014104276736, 64.12420313427884, 64.23798103767244, 64.3514695236988, 64.4646632884492, 64.57755695234754, 64.69014505913945, 64.80242207487942, 64.91438238691634, 65.026020302879, 65.13733004966163, 65.2483057724109, 65.35894153351522, 65.46923131159738, 65.5791690005117, 65.68874840834673, 65.79796325643487, 65.9068071783701, 66.01527371903536, 66.12335633364067, 66.23104838677384, 66.3383431514654, 66.4452338082691, 66.55171344435975, 66.65777505265089, 66.76341153093308, 66.8686156810359, 66.97338020801524, 67.07769771936786, 67.18156072427615, 67.2849616328849, 67.3878927556128, 67.49034630250135, 67.59231438260359, 67.69378900341569, 67.79476207035422, 67.89522538628206, 67.99517065108614, 68.09458946131, 68.19347330984502, 68.2918135856831, 68.38960157373471, 68.48682845471599, 68.58348530510862, 68.6795630971959, 68.7750526991799, 68.86994487538269, 68.9642302865368, 69.05789949016831, 69.15094294107764, 69.24335099192193, 69.33511389390378, 69.42622179757109, 69.51666475373216, 69.60643271449145, 69.69551553440995, 69.78390297179583, 69.87158469012961, 69.958550259629, 70.04478915895798, 70.1302907770854, 70.21504441529798
[9], 54.88069468560945, 55.00568663436301, 55.13063975619218, 55.25555219708375, 55.38042207970809, 55.505247503061256, 55.63002654210082, 55.75475724737532, 55.87943764464711, 56.004065734508615, 56.1286394919919, 56.25315686617122, 56.37761577975874, 56.50201412869311, 56.62634978172088, 56.750620579970494, 56.874824336519005, 56.998958835951086, 57.12302183391053, 57.247011056643785, 57.37092420053579, 57.49475893163758, 57.61851288518595, 57.74218366511463, 57.86576884355735, 57.989265960342124, 58.11267252247716, 58.235986003627815, 58.359203843584865, 58.48232344772366, 58.6053421864543, 58.728257394662485, 58.85106637114114, 58.97376637801256, 59.09635464014094, 59.21882834453524, 59.341184639742515, 59.463420635230946, 59.585533400763204, 59.707519965759666, 59.82937731865131, 59.95110240622245, 60.072692132943075, 60.19414336029073, 60.31545290606177, 60.436617543672085, 60.5576340014471, 60.678498961901035, 60.799209061005214, 60.91976088744569, 61.040150981869786, 61.16037583612174, 61.28043189246733, 61.400315542807476, 61.52002312788078, 61.63955093645525, 61.75889520450844, 61.87805211439733, 61.99701779401657, 62.11578831594628, 62.234359696588555, 62.35272789529352, 62.470888813474424, 62.58883829371233, 62.706572118850104, 62.82408601107629, 62.94137563099861, 63.0584365767076, 63.17526438283037, 63.29185451957489, 63.40820239176481, 63.52430333786543, 63.640152629000895, 63.755745467962846, 63.871076988211165, 63.98614225286724, 64.10093625369963, 64.21545391010336, 64.32969006807292, 64.44363949916921, 64.55729689948195, 64.67065688858709, 64.78371400850057, 64.89646272262908, 65.00889741471825, 65.12101238779933, 65.23280186313536, 65.34425997916735, 65.45538079046165, 65.56615826665983, 65.67658629143145, 65.78665866143177, 65.89636908526477, 66.0057111824535, 66.1146784824184, 66.22326442346593, 66.33146235178805, 66.43926552047485, 66.54666708854165, 66.65366011997261, 66.76023758278231, 66.86639234809759, 66.97211718926152, 67.07740478096159, 67.18224769838447, 67.28663841639947, 67.39056930877332, 67.49403264741872, 67.597020601679, 67.69952523765238, 67.80153851755767, 67.9030522991452, 68.00405833515566, 68.10454827282997, 68.20451365347388, 68.3039459120801, 68.40283637701212, 68.50117626975293, 68.59895670472244, 68.69616868916786, 68.79280312313045, 68.88885079949317, 68.98430240411318, 69.07914851604389, 69.17337960785026, 69.26698604602284, 69.35995809149412, 69.45228590026294, 69.54395952413076, 69.63496891155543, 69.72530390862713, 69.81495426017109, 69.90390961098304, 69.99215950720145, 70.07969339782264, 70.16650063636304, 70.25257048267463, 70.33789210491794
[10], 54.94356722385766, 55.06884044535965, 55.19407660567839, 55.31927386454584, 55.44443035846158, 55.56954420033388, 55.69461347911418, 55.81963625942522, 55.944610581182346, 56.069534459208214, 56.19440588284062, 56.31922281553329, 56.44398319444971, 56.568684930049564, 56.69332590566806, 56.81790397708763, 56.94241697210213, 57.0668626900734, 57.19123890147993, 57.315543347457606, 57.43977373933245, 57.563927758145134, 57.688003054167076, 57.81199724640836, 57.935907922116854, 58.05973263626861, 58.183468911049715, 58.307114235328974, 58.43066606412146, 58.55412181804317, 58.677478882755956, 58.8007346084034, 58.92388630903678, 59.04693126203158, 59.16986670749404, 59.29268984765778, 59.41539784627047, 59.537987827970206, 59.66045687765157, 59.782802039821455, 59.90502031794419, 60.02710867377618, 60.14906402668973, 60.27088325298604, 60.3925631851974, 60.51410061137825, 60.635492274385186, 60.756734871145824, 60.87782505191634, 60.99875941952772, 61.119534528620676, 61.24014688486908, 61.360592944191914, 61.4808691119537, 61.60097174215336, 61.72089713660166, 61.84064154408667, 61.96020115952833, 62.07957212312069, 62.19875051946315, 62.31773237667998, 62.4365136655286, 62.55509029849609, 62.673458128884924, 62.791612949887124, 62.90955049364765, 63.02726643031664, 63.14475636709104, 63.26201584724566, 63.379040349153875, 63.49582528529813, 63.61236600127065, 63.72865777476452, 63.844695814555614, 63.96047525947529, 64.07599117737506, 64.19123856408252, 64.30621234235007, 64.42090736079601, 64.53531839283937, 64.64944013562817, 64.76326720896253, 64.87679415421239, 64.99001543323163, 65.10292542726835, 65.21551843587245, 65.32778867580159, 65.43973027992615, 65.55133729613411, 65.66260368623715, 65.77352332487891, 65.88408999844614, 65.99429740398506, 66.10413914812261, 66.21360874599566, 66.32269962018832, 66.43140509967935, 66.53971841880146, 66.64763271621376, 66.75514103388949, 66.8622363161205, 66.9689114085409, 67.07515905717152, 67.18097190748745, 67.28634250351101, 67.3912632869323, 67.49572659626006, 67.59972466600496, 67.70324962589845, 67.80629350014961, 67.9088482067432, 68.01090555678162, 68.11245725387407, 68.21349489357614, 68.31400996288329, 68.41399383978148, 68.51343779285885, 68.61233298098205, 68.71067045304089, 68.80844114776586, 68.905635893622, 69.00224540878375, 69.09826030119491, 69.19367106871836, 69.2884680993802, 69.38264167171246, 69.47618195519988, 69.56907901083534, 69.66132279178876, 69.75290314419493, 69.84380980806512, 69.934032418328, 70.02356050600487, 70.1123834995248, 70.20049072618498, 70.28787141376179, 70.37451469227793, 70.46040959593111
[11], 55.00598475818753, 55.13153813897802, 55.25705622939164, 55.38253720313403, 55.50797921076821, 55.63338037935463, 55.758738812084395, 55.884052587906105, 56.00931976114594, 56.13453836112083, 56.259706391744714, 56.3848218311277, 56.509882631168054, 56.63488671713682, 56.75983198725505, 56.88471631226336, 57.00953753498392, 57.134293469874464, 57.258981902574504, 57.3836005894433, 57.50814725708969, 57.63261960189363, 57.75701528951911, 57.88133195441859, 58.00556719932859, 58.129718594756426, 58.253783678458035, 58.377759954906445, 58.50164489475116, 58.625435934267955, 58.749130474799365, 58.87272588218509, 58.99621948618303, 59.119608579880065, 59.242890419092795, 59.366062221758234, 59.48912116731393, 59.61206439606778, 59.73488900855716, 59.85759206489738, 59.98017058411934, 60.10262154349609, 60.22494187785848, 60.34712847889943, 60.469178194467176, 60.59108782784684, 60.71285413703069, 60.83447383397679, 60.95594358385577, 61.07726000428615, 61.19841966455762, 61.31941908484244, 61.440254735394845, 61.560923035738604, 61.68142035384218, 61.801743005282134, 61.92188725239417, 62.041849303412036, 62.16162531159453, 62.28121137433994, 62.40060353228873, 62.51979776841402, 62.638790007099985, 62.7575761132083, 62.876151891132764, 62.994513083842136, 63.11265537191126, 63.23057437254073, 63.3482656385651, 63.46572465745014, 63.582946850278915, 63.69992757072722, 63.81666210402862, 63.93314566592926, 64.04937340163283, 64.16534038473603, 64.28104161615497, 64.3964720230429, 64.51162645769962, 64.62649969647315, 64.74108643865445, 64.8553813053652, 64.96937883843967, 65.08307349930159, 65.19645966783588, 65.309531641257, 65.42228363297407, 65.53470977145402, 65.64680409908343, 65.75856057103015, 65.86997305410613, 65.9810353256319, 66.0917410723044, 66.20208388906941, 66.31205727799977, 66.4216546471807, 66.53086930960428, 66.63969448207382, 66.74812328412071, 66.85614873693481, 66.96376376231062, 67.07096118161108, 67.17773371475099, 67.28407397920235, 67.38997448902367, 67.4954276539159, 67.60042577830721, 67.70496106046924, 67.80902559166783, 67.91261135535036, 68.01571022637363, 68.11831397027443, 68.22041424258651, 68.32200258820721, 68.42307044081689, 68.52360912235524, 68.6236098425578, 68.72306369855659, 68.82196167454886, 68.92029464153833, 69.01805335715254, 69.11522846554132, 69.2118104973605, 69.3077898698455, 69.40315688697987, 69.49790173976315, 69.59201450658355, 69.68548515369997, 69.77830353583938, 69.87045939691387, 69.9619423708638, 70.0527419826315, 70.1428476492722, 70.23224868120677, 70.32093428362272, 70.40889355802882, 70.49611550396912, 70.58258902090243
[12], 55.067944073770626, 55.193776470622204, 55.31957535266234, 55.44533890779649, 55.57106530088296, 55.69675267337172, 55.82239914293695, 55.94800280310249, 56.0735617228608, 56.199073946284805, 56.324537492132706, 56.44995035344566, 56.57531049713806, 56.70061586358045, 56.82586436617484, 56.9510538909223, 57.07618229598275, 57.20124741122677, 57.32624703777933, 57.451178947555256, 57.576040882786316, 57.7008305555399, 57.82554564722889, 57.95018380811283, 58.07474265679024, 58.19921977968167, 58.32361273050375, 58.44791902973377, 58.57213616406476, 58.696261585851076, 58.82029271254392, 58.94422692611737, 59.068061572483806, 59.19179396089967, 59.31542136336049, 59.438941013985605, 59.56235010839222, 59.68564580305873, 59.80882521467703, 59.93188541949395, 60.054823452641486, 60.17763630745559, 60.30032093478369, 60.42287424228071, 60.545293093693175, 60.6675743081318, 60.7897146593321, 60.9117108749028, 61.033559635562476, 61.15525757436372, 61.27680127590509, 61.39818727553072, 61.51941205851744, 61.64047205924926, 61.761363660379516, 61.88208319198001, 62.00262693067779, 62.12299109877906, 62.24317186338026, 62.36316533546655, 62.482967568997424, 62.60257455997975, 62.72198224552786, 62.841186502911064, 62.960183148588776, 63.07896793723283, 63.19753656073758, 63.31588464721757, 63.434007759993165, 63.55190139656408, 63.669560987571195, 63.7869818957468, 63.904159414853325, 64.0210887686111, 64.13776510961543, 64.25418351824304, 64.37033900154839, 64.48622649215052, 64.60184084711045, 64.71717684679975, 64.83222919376104, 64.94699251156052, 65.06146134363352, 65.17563015212365, 65.28949331671589, 65.40304513346496, 65.51627981361935, 65.62919148244188, 65.74177417802811, 65.8540218501229, 65.9659283589369, 66.0774874739636, 66.18869287279831, 66.2995381399602, 66.41001676571905, 66.52012214492765, 66.62984757586179, 66.73918625906913, 66.8481312962288, 66.95667568902346, 67.06481233802552, 67.17253404159973, 67.27983349482409, 67.38670328843115, 67.49313590777207, 67.599123731806, 67.70465903211692, 67.80973397196077, 67.91434060534563, 68.01847087614786, 68.12211661726691, 68.22526954982222, 68.32792128239544, 68.43006331032113, 68.53168701502962, 68.63278366344575, 68.73334440744716, 68.83336028338618, 68.93282221167918, 69.03172099646788, 69.13004732535695, 69.22779176923198, 69.32494478216324, 69.42149670139918, 69.51743774745519, 69.61275802430227, 69.70744751966123, 69.80149610540721, 69.89489353809026, 69.98762945957753, 70.07969339782264, 70.17107476776775, 70.26176287238471, 70.35174690386073, 70.44101594493452, 70.5295589703895, 70.61736484870951, 70.70442234390337
[13], 55.12944195737825, 55.25555219708375, 55.381630701989714, 55.507675674424895, 55.63368529377186, 55.75965771610514, 55.88559107382262, 56.011483475270204, 56.13733300435959, 56.26313772017888, 56.38889565659626, 56.51460482185612, 56.640263198167965, 56.765868741287655, 56.89141938009098, 57.016913016139455, 57.1423475232381, 57.267720746985106, 57.39303050431338, 57.51827458302349, 57.64345074130841, 57.76855670726924, 57.89359017842234, 58.01854882119757, 58.14343027042704, 58.2682321288252, 58.39295196645898, 58.51758732020859, 58.642135693218876, 58.766594554340266, 58.89096133756028, 59.01523344142454, 59.1394082284475, 59.26348302451295, 59.387455118263645, 59.511321760480286, 59.635080163449736, 59.75872750032186, 59.88226090445555, 60.005677468752964, 60.12897424498277, 60.25214824309138, 60.37519643050253, 60.49811573140494, 60.620903026028074, 60.74355514990548, 60.86606889312597, 60.9884409995724, 61.11066816614791, 61.232747041989306, 61.35467422766802, 61.47644627437795, 61.598059683110435, 61.719510903816186, 61.84079633455405, 61.96191232062666, 62.082855153702745, 62.20362107092626, 62.32420625401184, 62.444606828327444, 62.564818861963, 62.68483836478605, 62.804661287483846, 62.92428352059206, 63.043700893510376, 63.16290917350447, 63.28190406469504, 63.40068120703394, 63.519236175266755, 63.637564477883096, 63.755661556053994, 63.8735227825568, 63.99114346068788, 64.10851882316332, 64.22564403100773, 64.3425141724317, 64.45912426169828, 64.5754692379783, 64.69154396419592, 64.80734322586385, 64.92286172990933, 65.0380941034913, 65.15303489280919, 65.26767856190406, 65.38201949145277, 65.4960519775559, 65.60977023052008, 65.72316837363586, 65.8362404419516, 65.94898038104479, 66.06138204579136, 66.17343919913472, 66.2851455108548, 66.39649455633926, 66.50747981535753, 66.61809467083945, 66.72833240765982, 66.83818621143044, 66.94764916730145, 67.05671425877358, 67.16537436652318, 67.2736222672422, 67.38145063249483, 67.48885202759328, 67.59581891049493, 67.70234363072299, 67.80841842831374, 67.91403543279233, 68.01918666218053, 68.12386402203884, 68.22805930454625, 68.33176418762102, 68.43497023408511, 68.53766889087647, 68.63985148831233, 68.74150923940739, 68.84263323925076, 68.94321446444557, 69.04324377261565, 69.14271190198362, 69.2416094710244, 69.33992697819947, 69.43765480177626, 69.53478319973756, 69.63130230978629, 69.72720214945069, 69.82247261629529, 69.9171034882433, 70.01108442401582, 70.10440496369408, 70.19705452941011, 70.28902242617194, 70.38029784283002, 70.47086985319004, 70.5607274172794, 70.64985938277302, 70.73825448658545, 70.82590135663519
[14], 55.19047519784606, 55.31686207701146, 55.4432190055165, 55.56954420033388, 55.695835855596776, 55.82209214223631, 55.948311207612086, 56.0744911751361, 56.20063014388948, 56.326726188232094, 56.452777357405076, 56.578781675125676, 56.704737139174895, 56.830641720977134, 56.956493365172385, 57.08228998918009, 57.20802948275532, 57.333709707536364, 57.45932849658418, 57.58488365391322, 57.71037295401359, 57.835794141364445, 57.96114492993833, 58.08642300269649, 58.21162601107481, 58.336751574460365, 58.46179727965832, 58.586760680349315, 58.71163929653655, 58.83643061398317, 58.96113208363923, 59.08574112105834, 59.210255105803746, 59.33467138084369, 59.458987251936016, 59.58319998700157, 59.70730681548657, 59.83130492771367, 59.9551914742211, 60.078963565090945, 60.20261826926481, 60.326152613847974, 60.44956358340128, 60.5728481192208, 60.696003118605034, 60.81902543410958, 60.94191187278913, 61.064659195426565, 61.187264115749066, 61.309723299631266, 61.43203336428496, 61.5541908774357, 61.67619235648569, 61.79803426766337, 61.91971302515918, 62.04122499024765, 62.162566470395646, 62.28373371835671, 62.404722931251406, 62.52553024963381, 62.64615175654378, 62.76658347654521, 62.8868213747503, 63.0068613558296, 63.126699263008064, 63.24633087704708, 63.365751915212634, 63.48495803022923, 63.603944809220614, 63.72270777263598, 63.8412423731635, 63.95954399462983, 64.07760795088672, 64.19542948468447, 64.31300376653282, 64.4303258935493, 64.5473908882953, 64.66419369760062, 64.78072919137634, 64.89699216141672, 65.01297732019066, 65.12867929962302, 65.24409264986656, 65.35921183806482, 65.47403124710685, 65.58854517437435, 65.70274783048208, 65.81663333801217, 65.93019573024344, 66.04342894987647, 66.15632684775551, 66.26888318158834, 66.38109161466507, 66.49294571457744, 66.60443895193947, 66.71556469911116, 66.82631622892663, 66.93668671342843, 67.04666922260914, 67.1562567231628, 67.26544207724731, 67.37421804126022, 67.48257726462975, 67.59051228862339, 67.69801554517616, 67.80507935574117, 67.91169593016485, 68.01785736558966, 68.12355564538696, 68.22878263812315, 68.33353009656177, 68.43778965670529, 68.54155283687972, 68.6448110368652, 68.74755553707705, 68.84977749780008, 68.95146795848106, 69.05261783708289, 69.15321792950489, 69.2532589090738, 69.35273132610999, 69.4516256075736, 69.54993205679551, 69.64764085329864, 69.74474205271417, 69.84122558679867, 69.93708126355732, 70.03229876747922, 70.12686765989046, 70.22077737943104, 70.31401724266183, 70.40657644480758, 70.49844406064291, 70.58960904552706, 70.68006023659483, 70.76978635410937, 70.85877600298467, 70.9470176744839
[15], 55.25104058654618, 55.37770287138843, 55.50433699351117, 55.63094118474868, 55.75751365420806, 55.884052587906105, 56.010556148399225, 56.13702247440656, 56.26344968042599, 56.38983585634282, 56.51617906703125, 56.64247735194821, 56.76872872471972, 56.89493117271935, 57.02108265663881, 57.14718111005045, 57.273224438961655, 57.39921052136071, 57.525137206754316, 57.6510023156963, 57.77680363930771, 57.90253893878772, 58.02820594491542, 58.15380235754262, 58.279325845076706, 58.40477404395442, 58.53014455810535, 58.655434958405955, 58.78064278212307, 58.90576553234739, 59.03080067741648, 59.15574565032708, 59.28059784813679, 59.40535463135455, 59.530013323320254, 59.65457120957297, 59.779025537207765, 59.90337351422065, 60.0276123088421, 60.1517390488584, 60.2757508209208, 60.39964466984246, 60.52341759788304, 60.64706656402033, 60.77058848320957, 60.89398022562912, 61.01723861591406, 61.14036043237529, 61.2633424062063, 61.38618122067579, 61.50887351030668, 61.631415860041606, 61.753804804394, 61.876036826585484, 61.99810835766887, 62.12001577563687, 62.24175540451656, 62.36332351344917, 62.484716315755335, 62.60592996798592, 62.72696056895779, 62.847804158775176, 62.96845671783593, 63.08891416582335, 63.20917236068292, 63.329227097584294, 63.449074107868576, 63.56870905798094, 63.68812754838851, 63.8073251124836, 63.926297215472765, 64.04503925325123, 64.16354655126342, 64.28181436334935, 64.39983787057746, 64.51761218006361, 64.63513232377736, 64.75239325733482, 64.86938985877941, 64.98611692735012, 65.10256918223821, 65.21874126133257, 65.33462771995457, 65.45022302958225, 65.56552157656567, 65.6805176608326, 65.79520549458672, 65.90957920099804, 66.02363281288696, 66.13736027140267, 66.25075542469703, 66.36381202659472, 66.47652373526084, 66.58888411186769, 66.70088661926104, 66.81252462062821, 66.92379137816866, 67.03468005176927, 67.14518369768558, 67.25529526723055, 67.36500760547338, 67.47431344994963, 67.58320542938507, 67.69167606243539, 67.79971775644395, 67.90732280622035, 68.01448339284184, 68.12119158248059, 68.22743932525984, 68.33321845414142, 68.438520683848, 68.54333760982337, 68.64766070723425, 68.75148133001657, 68.8547907099711, 68.9575799559111, 69.0598400528667, 69.16156186135039, 69.26273611668715, 69.36335342841507, 69.46340427975971, 69.56287902718866, 69.66176790004965, 69.7600610002994, 69.8577483023267, 69.95481965287692, 70.05126477108261, 70.14707324860677, 70.24223454990454, 70.3367380126096, 70.43057284805207, 70.52372814191361, 70.6161928550275, 70.70795582432936, 70.79900576396653, 70.88933126657214, 70.97892080471175, 71.06776273250931
[16], 55.31113491786631, 55.43807134401676, 55.56498139885804, 55.69186332930057, 55.81871535964549, 55.94553569122122, 56.0723225020129, 56.199073946284805, 56.325788154195756, 56.45246323140707, 56.57909725868311, 56.70568829148426, 56.83223435955212, 56.95873346648698, 57.08518358931696, 57.211582678059344, 57.33792865527327, 57.464219415604155, 57.590452825319296, 57.71662672183491, 57.842738913233966, 57.968787177775, 58.09476926339173, 58.22068288718305, 58.34652573489362, 58.47229546038435, 58.59798968509335, 58.72360599748629, 58.849141952496886, 58.97459507095648, 59.09996283901342, 59.22524270754118, 59.35043209153573, 59.47552836950167, 59.600528882826865, 59.72543093514574, 59.85023179169061, 59.974928678631265, 60.09951878240243, 60.22399924901884, 60.34836718337805, 60.47261964855042, 60.5967536650564, 60.720766210130776, 60.844654216973865, 60.96841457398911, 61.09204412400757, 61.21553966349831, 61.338897941765275, 61.46211566012996, 61.585189471100115, 61.70811597752393, 61.830891731729984, 61.953513234652405, 62.0759769349415, 62.198279228059256, 62.3204164553603, 62.4423849031572, 62.56418080177111, 62.68580032456694, 62.80723958697297, 62.92849464548532, 63.04956149665681, 63.17043607607032, 63.29111425729643, 63.4115918508359, 63.531864603046, 63.651928195051845, 63.77177824164176, 63.89141029014761, 64.01081981930952, 64.13000223812524, 64.24895288468485, 64.36766702498983, 64.48613985175811, 64.60436648321387, 64.72234196186348, 64.84006125325726, 64.95751924473763, 65.07471074417376, 65.19163047868335, 65.30827309334212, 65.4246331498809, 65.54070512537156, 65.65648341090186, 65.77196231024028, 65.88713603849101, 66.00199872074027, 66.11654439069484, 66.23076698931308, 66.34466036343011, 66.45821826437785, 66.57143434660085, 66.68430216626943, 66.79681517989101, 66.90896674292152, 67.02075010837771, 67.13215842545219, 67.24318473813297, 67.35382198382888, 67.46406299200305, 67.57390048281607, 67.6833270657812, 67.79233523843357, 67.90091738501586, 68.00906577518272, 68.11677256272662, 68.22402978432781, 68.33082935833117, 68.4371630835531, 68.5430226381213, 68.64839957835113, 68.75328533766165, 68.85767122553504, 68.9615484265236, 69.06490799930745, 69.16774087580784, 69.27003786036006, 69.3717896289503, 69.47298672852143, 69.57361957635234, 69.67367845951578, 69.7731535344204, 69.87203482644165, 69.97031222964793, 70.06797550662706, 70.16501428841966, 70.26141807456496, 70.35717623326589, 70.45227800167972, 70.54671248634075, 70.6404686637223, 70.73353538094449, 70.82590135663519, 70.91755518195147, 71.00848532176876, 71.09868011604499, 71.18812778136811
[17], 55.370754989696295, 55.4979642620095, 55.62514895755489, 55.752307338530045, 55.87943764464711, 56.00653809276872, 56.133606876537286, 56.260642165996934, 56.38764210720834, 56.51460482185612, 56.64152840684863, 56.76841093391021, 56.89525044916547, 57.02204497271569, 57.14879249820706, 57.275490992390566, 57.402138394673564, 57.52873261666263, 57.65527154169764, 57.78175302437709, 57.90817489007402, 58.0345349344431, 58.16083092291767, 58.28706059019784, 58.41322163972833, 58.53931174316656, 58.66532853984057, 58.79126963619652, 58.917132605235786, 59.04291498594156, 59.16861428269399, 59.29422796467506, 59.41975346526149, 59.54518818140679, 59.67052947301121, 59.79577466228027, 59.92092103307105, 60.04596583022629, 60.17090625889622, 60.29573948384783, 60.42046262876115, 60.54507277551274, 60.669566963446044, 60.79394218862828, 60.91819540309386, 61.04232351407422, 61.16632338321333, 61.29019182576976, 61.413925609803776, 61.53752145535059, 61.66097603357855, 61.78428596593281, 61.90744782326393, 62.030458124941475, 62.15331333795216, 62.27600987598271, 62.398544098487214, 62.5209123097387, 62.64311075786489, 62.7651356338682, 62.88698307062939, 63.008649141895546, 63.130129861251405, 63.25142118107468, 63.37251899147511, 63.493419119216846, 63.61411732662484, 63.73460931047451, 63.85489070086524, 63.974957060077394, 64.09480388141323, 64.2144265880214, 64.33382053170546, 64.45298099171633, 64.57190317352905, 64.69058220760374, 64.80901314813136, 64.927190971764, 65.04511057633064, 65.16276677953806, 65.28015431765782, 65.39726784419919, 65.5141019285691, 65.6306510547189, 65.74690961977917, 65.8628719326827, 65.97853221277649, 66.09388458842349, 66.20892309559488, 66.32364167645369, 66.43803417793056, 66.55209435029298, 66.66581584570875, 66.77919221680487, 66.89221691522323, 67.00488329017423, 67.11718458698992, 67.22911394567807, 67.34066439947867, 67.45182887342486, 67.5626001829097, 67.67297103226127, 67.78293401332752, 67.89248160407351, 68.00160616719316, 68.11029994873789, 68.218555076765, 68.32636356000799, 68.4337172865723, 68.54060802265899, 68.64702741131977, 68.75296697124664, 68.85841809559972, 68.9633720508767, 69.06781997582809, 69.17175288042206, 69.2751616448631, 69.3780370186688, 69.48036961980993, 69.58214993391731, 69.68336831356196, 69.78401497761264, 69.88408001067643, 69.98355336262804, 70.08242484823353, 70.18068414687424, 70.27832080237751, 70.37532422296003, 70.47168368129061, 70.56738831467933, 70.6624271253996, 70.75678898115035, 70.85046261566605, 70.94343662948101, 71.03569949085691, 71.12723953687991, 71.21804497473629, 71.30810388317387
[18], 55.42989760392171, 55.557378396290126, 55.68483640921805, 55.81226992039798, 55.93967718516622, 56.06705643613885, 56.19440588284062, 56.32172371132666, 56.44900808379696, 56.5762571382032, 56.70346898784815, 56.830641720977134, 56.957773400361724, 57.08486206287521, 57.211905719059914, 57.33890235268614, 57.4658499203025, 57.592746350777496, 57.7195895448323, 57.84637737456443, 57.973107682962166, 58.09977828340957, 58.226386959181966, 58.352931462931615, 58.47940951616344, 58.605818808700676, 58.73215699814006, 58.85842170929678, 58.98461053363838, 59.11072102870822, 59.23675071753735, 59.362697088045564, 59.48855759243071, 59.61432964654644, 59.74001062926801, 59.86559788184616, 59.991088707248494, 60.11648036948869, 60.24177009294271, 60.36695506165236, 60.49203241861556, 60.61699926506365, 60.74185265972474, 60.86658961807389, 60.991207111568805, 61.115702066872, 61.2400713650582, 61.36431184080755, 61.48842028158395, 61.61239342679854, 61.73622796695815, 61.859920542798385, 61.98346774440147, 62.10686611029811, 62.23011212655382, 62.353202225839325, 62.4761327864845, 62.598900131516444, 62.721500527680796, 62.84393018444666, 62.9661852529947, 63.08826182518859, 63.210155932529474, 63.331863545093235, 63.453380570451024, 63.57470285257231, 63.695826170710944, 63.816746238273794, 63.93745870167226, 64.05795913915655, 64.1782430596325, 64.2983059014616, 64.41814303124357, 64.53774974258198, 64.65712125483326, 64.7762527118385, 64.89513918063919, 65.0137756501763, 65.13215702997338, 65.25027814880393, 65.36813375334322, 65.48571850680504, 65.60302698756394, 65.72005368776304, 65.83679301190828, 65.95323927544958, 66.06938670334941, 66.1852294286397, 66.30076149096756, 66.41597683513085, 66.53086930960428, 66.64543266505727, 66.75966055286425, 66.87354652360891, 66.98708402558313, 67.10026640328246, 67.2130868958989, 67.32553863581299, 67.43761464708638, 67.54930784395697, 67.66061102933797, 67.77151689332331, 67.88201801170075, 67.99210684447576, 68.10177573440745, 68.21101690555994, 68.31982246187097, 68.42818438574089, 68.53609453664492, 68.64354464977144, 68.75052633468964, 68.85703107405008, 68.96305022232137, 69.06857500456671, 69.17359651526468, 69.2781057171775, 69.38209344027187, 69.48555038069632, 69.58846709981995, 69.69083402333739, 69.79264144044512, 69.89387950309428, 69.99453822532566, 70.09460748269244, 70.19407701177671, 70.29293640980582, 70.39117513437498, 70.4887825032827, 70.58574769448582, 70.68205974618098, 70.7777075570201, 70.87267988646677, 70.96696535530161, 71.06055244628392, 71.15342950497798, 71.24558474075177, 71.33700622795642, 71.42768190729507
[19], 55.48855956692459, 55.61631052209918, 55.74404049759527, 55.87174778680421, 55.999430660896174, 56.127087368456046, 56.25471613511234, 56.38231516315867, 56.509882631168054, 56.637416693599405, 56.76491548039657, 56.89237709657931, 57.01979962182639, 57.14718111005045, 57.27451958896457, 57.40181305964028, 57.52905949605693, 57.65625684464229, 57.78340302380396, 57.91049592345181, 58.037533404511, 58.16451329842518, 58.29143340665047, 58.418291500139055, 58.545085318813015, 58.6718125710275, 58.79847093302392, 58.92505804837186, 59.05157152740069, 59.178008946619656, 59.304367848126915, 59.43064573900703, 59.55684009071672, 59.68294833845879, 59.808967880543925, 59.93489607774009, 60.060730252609595, 60.186467688833005, 60.31210563052059, 60.437641281510324, 60.56307180465235, 60.688394321080125, 60.813605909467576, 60.938703605272266, 61.063684399964096, 61.18854524023988, 61.31328302722286, 61.43789461564761, 61.56237681302944, 61.68672637881903, 61.81094002354085, 61.93501440791635, 62.058946141970914, 62.18273178412481, 62.30636784026772, 62.42985076281673, 62.55317694975773, 62.67634274366969, 62.799344430732155, 62.922178239715315, 63.0448403409528, 63.16732684529695, 63.289633803056425, 63.41175720291607, 63.533692970838906, 63.65543696895017, 63.776984994403335, 63.89833277822787, 64.01947598415909, 64.14041020744976, 64.26113097366336, 64.3816337374493, 64.50191388130015, 64.62196671429054, 64.74178747079816, 64.86137130920717, 64.98071331059353, 65.09980847739297, 65.2186517320517, 65.3372379156601, 65.4555617865694, 65.57361801899238, 65.69140120158748, 65.80890583602775, 65.92612633555444, 66.04305702351614, 66.15969213189365, 66.27602579981166, 66.39205207203777, 66.50776489746956, 66.62315812761054, 66.7382255150362, 66.8529607118506, 66.96735726813529, 67.08140863039084, 67.19510813997334, 67.30844903152605, 67.42142443140848, 67.53402735612417, 67.6462507107488, 67.75808728736033, 67.86952976347337, 67.98057070047948, 68.09120254209553, 68.20141761282288, 68.31120811641914, 68.42056613438545, 68.52948362447205, 68.63795241920488, 68.74596422443611, 68.8535106179222, 68.96058304793249, 69.06717283189212, 69.17327115506289, 69.27886906926612, 69.38395749165151, 69.4885272035164, 69.59256884918007, 69.69607293491768, 69.79902982795889, 69.90142975555636, 70.00326280412948, 70.10451891848892, 70.20518790114834, 70.30525941172844, 70.40472296646053, 70.5035679377957, 70.60178355412664, 70.69935889962902, 70.79628291422931, 70.89254439370734, 70.98813198994047, 71.0830342112977, 71.17723942319161, 71.27073584879666, 71.36351156994203, 71.4555545281879, 71.54685252609386
[20], 55.54673769009117, 55.67475741950814, 55.802757971085676, 55.93073765411409, 56.0586947558031, 56.18662754091803, 56.31453425140859, 56.44241310603054, 56.57026229995974, 56.6980800043986, 56.82586436617484, 56.95361350733221, 57.08132552471307, 57.208998489532945, 57.336630446946366, 57.464219415604155, 57.591763387202185, 57.71926032602092, 57.84670816845592, 57.97410482253901, 58.10144816745009, 58.22873605301908, 58.35596629921806, 58.48313669564347, 58.610245000987824, 58.73728894250119, 58.86426621544192, 58.99117448251645, 59.118011373308214, 59.24477448369507, 59.37146137525545, 59.49806957466267, 59.62459657306738, 59.75103982546786, 59.877396750068044, 60.003664727622855, 60.1298411007708, 60.255923173353544, 60.38190820972234, 60.50779343403067, 60.63357602951363, 60.759253137752886, 60.88482185792797, 61.01027924605269, 61.135622314197285, 61.260848029695545, 61.38595331433684, 61.51093504354282, 61.63579004552867, 61.76051510044847, 61.88510693952458, 62.00956224416078, 62.13387764503901, 62.25804972119936, 62.38207499910335, 62.50594995167979, 62.62967099735375, 62.75323449905773, 62.87663676322529, 62.99987403876672, 63.12294251602684, 63.24583832572435, 63.36855753787294, 63.49109616068395, 63.613450139450265, 63.73561535541148, 63.85758762460015, 63.97936269666904, 64.10093625369963, 64.22230390899091, 64.34346120582973, 64.4644036162414, 64.58512653972143, 64.70562530194822, 64.8258951534763, 64.94593126841104, 65.0657287430641, 65.18528259459045, 65.30458775960655, 65.42363909279035, 65.54243136546333, 65.66095926415436, 65.77921738914652, 65.89720025300664, 66.01490227909821, 66.13231780007825, 66.24944105637846, 66.36626619467143, 66.48278726632266, 66.59899822582861, 66.71489292924248, 66.83046513258756, 66.94570849026005, 67.0606165534216, 67.17518276838331, 67.289400474982, 67.40326290495032, 67.51676318028184, 67.62989431159285, 67.74264919648267, 67.85502061789353, 67.96700124247276, 68.07858361893861, 68.18976017645213, 68.30052322299743, 68.41086494377241, 68.5207773995929, 68.6302525253126, 68.73928212826199, 68.84785788670894, 68.95597134834448, 69.06361392879714, 69.17077691017913, 69.27745143966865, 69.38362852813175, 69.48929904878847, 69.59445373592709, 69.69908318367177, 69.8031778448077, 69.90672802966941, 70.00972390509708, 70.11215549346684, 70.21401267180042, 70.31528517096021, 70.41596257493634, 70.51603432023195, 70.61548969535332, 70.71431784041229, 70.81250774684771, 70.91004825727387, 71.00692806546326, 71.10313571647195, 71.19865960691544, 71.29348798540401, 71.38760895314542, 71.48101046472459, 71.57368032906884, 71.66560621060786
[21], 55.60442879032638, 55.73271587394047, 55.860985583267365, 55.98923624369231, 56.11746615866639, 56.24567360934278, 56.373856854205904, 56.50201412869311, 56.63014364480889, 56.75824359073132, 56.886312130410694, 57.014347403160166, 57.1423475232381, 57.27031057942223, 57.39823463457514, 57.526117725201146, 57.653957860994254, 57.78175302437709, 57.909501170030566, 58.037200224414185, 58.164848085276645, 58.29244262115658, 58.41998167087359, 58.54746304300867, 58.674884515374565, 58.8022438344753, 58.92953871495497, 59.056766839035504, 59.18392585594327, 59.311013381324, 59.43802699664625, 59.564964248592794, 59.691822648440144, 59.81859967142531, 59.94529275610036, 60.071899303674, 60.198416677340106, 60.32484220159286, 60.45117316152866, 60.577406802134014, 60.70354032755935, 60.82957090037901, 60.955495640836084, 61.08131162607307, 61.207015889347474, 61.3326054192317, 61.45807715879807, 61.58342800478772, 61.70865480676366, 61.83375436624763, 61.958723435840355, 62.0835587183253, 62.20825686575537, 62.332814478522224, 62.45722810440869, 62.5814942376229, 62.70560931781507, 62.8295697290758, 62.95337179891641, 63.077011797230426, 63.200485935236564, 63.32379036440269, 63.44692117535081, 63.569874396742556, 63.69264599414545, 63.815231868879536, 63.93762785684418, 64.05982972732514, 64.18183318178161, 64.30363385261326, 64.42522730190709, 64.5466090201642, 64.66777442500627, 64.78871885986189, 64.90943759263266, 65.02992581433921, 65.150178637747, 65.27019109597236, 65.38995814106845, 65.50947464259181, 65.62873538614934, 65.74773507192612, 65.86646831319415, 65.98492963480294, 66.10311347165165, 66.22101416714342, 66.33862597162289, 66.45594304079653, 66.57295943413752, 66.68966911327462, 66.80606594036713, 66.92214367646561, 67.03789597985991, 67.1533164044153, 67.268398397898, 67.38313530029082, 67.4975203421007, 67.61154664265908, 67.72520720841712, 67.83849493123651, 67.95140258667861, 68.06392283229289, 68.17604820590712, 68.28777112392115, 68.3990838796068, 68.50997864141598, 68.62044745129953, 68.7304822230399, 68.84007474060014, 68.9492166564922, 69.05789949016831, 69.16611462643813, 69.27385331391575, 69.38110666350025, 69.48786564689375, 69.59412109516126, 69.69986369733667, 69.80508399907986, 69.90977240138918, 70.01391915937545, 70.11751438110177, 70.22054802649568, 70.32300990633901, 70.4248896813419, 70.52617686130705, 70.62686080439134, 70.72693071647139, 70.82637565062043, 70.92518450670386, 71.02334603110147, 71.12084881656403, 71.21768130221271, 71.31383177368987, 71.40928836346995, 71.5040390513394, 71.59807166505497, 71.69137388119002, 71.78393322617826
[22], 55.66162969057555, 55.790182676699736, 55.918720093431965, 56.0472402824444, 56.17574156362686, 56.30422223472368, 56.4326805709631, 56.56111482467936, 56.689523224927, 56.81790397708763, 56.94625526246853, 57.074575237893406, 57.20286203528461, 57.33111376123721, 57.45932849658418, 57.587504295953025, 57.715639187313315, 57.843731171514996, 57.97177822181759, 58.09977828340957, 58.22772927291824, 58.3556290779095, 58.4834755563776, 58.6112665362245, 58.73899981472866, 58.866673158003124, 58.994284300442615, 59.121830944159385, 59.2493107584076, 59.37672137899644, 59.50406040769062, 59.6313254115997, 59.75851392255416, 59.88562343646974, 60.01265141269825, 60.13959527336585, 60.266452402697645, 60.39322014632904, 60.51989581060304, 60.6464766618537, 60.77295992567522, 60.899342786176184, 61.02562238521952, 61.15179582164698, 61.277860150488245, 61.40381238215481, 61.52964948161749, 61.655368367568215, 61.78096591156521, 61.906438937161624, 62.03178421901704, 62.15699848199213, 62.282078400225586, 62.40702059619348, 62.531821639750575, 62.65647804715359, 62.78098628006591, 62.90534274454343, 63.02954379000192, 63.15358570816459, 63.27746473199089, 63.40117703458521, 63.52471872808591, 63.64808586253448, 63.77127442472416, 63.894280337028455, 64.01709945620881, 64.1397275722017, 64.26216040688495, 64.38439361282273, 64.50642277198979, 64.62824339447425, 64.74985091715932, 64.87124070238359, 64.99240803657992, 65.1133481288934, 65.23405610977747, 65.35452702956917, 65.47475585704323, 65.59473747794516, 65.71446669350333, 65.83393821892066, 65.95314668184592, 66.07208662082472, 66.19075248373119, 66.30913862617984, 66.42723930991897, 66.54504870120554, 66.66256086916218, 66.77976978411702, 66.8966693159275, 67.0132532322878, 67.12951519702209, 67.24544876836367, 67.36104739722127, 67.47630442543363, 67.59121308401372, 67.70576649138384, 67.81995765160273, 67.93377945258686, 68.04722466432695, 68.16028593710188, 68.27295579969191, 68.38522665759298, 68.49709079123467, 68.60854035420395, 68.71956737147723, 68.8301637376636, 68.94032121526183, 69.05003143293449, 69.15928588380193, 69.26807592376021, 69.37639276982597, 69.48422749851234, 69.59157104424015, 69.69841419778808, 69.80474760478695, 69.91056176426248, 70.01584702723144, 70.1205935953569, 70.22479151966728, 70.3284306993458, 70.43150088059565, 70.53399165558771, 70.63589246149688, 70.73719257963432, 70.8378811346826, 70.93794709404081, 71.03737926728807, 71.13616630577266, 71.23429670233564, 71.33175879117736, 71.42854074787537, 71.52463058956349, 71.62001617528082, 71.71468520650085, 71.8086252278502, 71.90182362802732
[23], 55.71833722035247, 55.847154625504466, 55.97595826712667, 56.10474650336547, 56.23351767074258, 56.36227008379224, 56.49100203469126, 56.61971179288147, 56.748397604684484, 56.87705769290876, 57.005690256448496, 57.134293469874464, 57.26286548301655, 57.39140442053763, 57.51990838149894, 57.64837543891633, 57.77680363930771, 57.90519100223115, 58.03353551981329, 58.16183515626855, 58.290087847408124, 58.418291500139055, 58.546443991953176, 58.674543170405165, 58.80258685258051, 58.93057282455199, 59.05849884082542, 59.18636262377387, 59.314161863060306, 59.44189421504845, 59.569557302201495, 59.69714871246874, 59.82466599865933, 59.95210667780361, 60.079468230501135, 60.206748100255474, 60.33394369279559, 60.46105237538322, 60.58807147610633, 60.714998283158096, 60.841830044101584, 60.968563965119095, 61.095197210246745, 61.22172690059349, 61.348150113544456, 61.47446388194829, 61.60066519328832, 61.72675098883714, 61.852718162794304, 61.9785635614071, 62.10428398207391, 62.229876172429705, 62.355336829413915, 62.48066259831987, 62.605850071825955, 62.730895789007626, 62.855796234330946, 62.980547836626236, 63.105146968042654, 63.2295899429826, 63.35387301701622, 63.47799238577555, 63.60194418382806, 63.725724483529454, 63.84932929385532, 63.97275455921183, 64.09599615822466, 64.21904990250647, 64.34191153540267, 64.46457673071507, 64.58704109140339, 64.7093001482649, 64.83134935859115, 64.95318410480294, 65.07479969306225, 65.19619135186205, 65.3173542305934, 65.43828339809008, 65.55897384115082, 65.67942046303916, 65.79961808196111, 65.9195614295206, 66.03924514915322, 66.15866379453826, 66.27781182798945, 66.39668361882478, 66.51527344171544, 66.63357547501516, 66.75158379906954, 66.86929239450645, 66.98669514050823, 67.10378581306618, 67.22055808321805, 67.33700551527005, 67.45312156500336, 67.5688995778673, 67.68433278715943, 67.79941431219449, 67.91413715646294, 68.02849420578156, 68.14247822643635, 68.25608186332116, 68.36929763807213, 68.4821179472016, 68.59453506023257, 68.70654111783647, 68.81812812997654, 68.92928797406003, 69.040012393101, 69.15029299389785, 69.26012124522816, 69.36948847606433, 69.47838587381365, 69.58680448258708, 69.6947352014999, 69.80216878300942, 69.90909583129368, 70.01550680067648, 70.12139199410291, 70.2267415616718, 70.33154549922965, 70.43579364703258, 70.53947568848199, 70.64258114894076, 70.74509939463623, 70.84701963165733, 70.94833090505323, 71.04902209804065, 71.14908193132855, 71.24849896256755, 71.34726158593342, 71.44535803185298, 71.54277636688192, 71.6395044937439, 71.73553015154047, 71.83084091614244, 71.92542420077228, 72.019267256789
[24], 55.774548216274304, 55.903628525030236, 56.032696876703056, 56.16175164609636, 56.29079118655214, 56.419813829588755, 56.54881788453161, 56.67780163813623, 56.80676335420357, 56.935701273187526, 57.06461361179435, 57.1934985625738, 57.32235429350193, 57.451178947555256, 57.57997064227612, 57.70872746932928, 57.83744749404903, 57.966128754977234, 58.09476926339173, 58.223367002824816, 58.35191992857219, 58.48042596719127, 58.60888301598934, 58.73728894250119, 58.86564158395566, 58.99393874673142, 59.12217820580131, 59.250357704165125, 59.378474952270885, 59.50652762742376, 59.6345133731831, 59.76242979874674, 59.89027447832268, 60.01804495048777, 60.145738717533035, 60.27335324479562, 60.40088595997692, 60.52833425244643, 60.65569547253163, 60.78296693079305, 60.910145897284416, 61.03722960079765, 61.16421522809255, 61.291099923110586, 61.41788078617252, 61.54455487316012, 61.67111919468084, 61.79757071521569, 61.92390635224999, 62.050122975386586, 62.176217405441044, 62.302186413519, 62.4280267200749, 62.55373499395214, 62.67930785140408, 62.80474185509586, 62.9300335130864, 63.05517927779092, 63.18017554492263, 63.30501865241469, 63.42970487932066, 63.55423044469458, 63.6785915064493, 63.802784160193475, 63.9268044380466, 64.05064830743221, 64.17431166984845, 64.2977903596165, 64.42108014260597, 64.54417671493763, 64.66707570166278, 64.78977265541958, 64.91226305506588, 65.03454230428854, 65.15660573018907, 65.27844858184561, 65.40006602885109, 65.52145315982779, 65.64260498091785, 65.76351641425012, 65.88418229638364, 66.00459737672695, 66.12475631593473, 66.24465368428065, 66.36428396000754, 66.48364152765488, 66.60272067636396, 66.72151559816095, 66.84002038621887, 66.95822903309836, 67.07613542896824, 67.1937333598064, 67.3110165055819, 67.42797843841886, 67.5446126207434, 67.66091240341413, 67.77687102383835, 67.89248160407351, 68.0077371489171, 68.1226305439849, 68.23715455378026, 68.35130181975542, 68.46506485836687, 68.5784360591271, 68.69140768265413, 68.80397185872198, 68.91612058431372, 69.02784572168048, 69.1391389964084, 69.24999199549747, 69.36039616545432, 69.47034281040372, 69.57982309022114, 69.68882801869096, 69.79734846169409, 69.9053751354296, 70.01289860467459, 70.11990928108739, 70.22639742155883, 70.33235312661755, 70.43776633889433, 70.54262684165194, 70.64692425738605, 70.75064804650493, 70.85378750609333, 70.95633176876885, 71.05826980163786, 71.15959040535868, 71.26028221332062, 71.36033369094682, 71.45973313513011, 71.55846867381106, 71.65652826570746, 71.7538997002052, 71.8505705974209, 71.94652840844628, 72.04176041578573, 72.13625373399746
[25], 55.830259522603036, 55.95960118745808, 56.088932701873055, 56.218252457486855, 56.347558824645404, 56.47685015204051, 56.60612476634141, 56.73538097181851, 56.864617049959435, 56.993831259077275, 57.12302183391053, 57.25218698521473, 57.381324899345806, 57.510433737834674, 57.639511636952854, 57.76855670726924, 57.8975670331975, 58.02654067253414, 58.155475655986876, 58.28436998669309, 58.41322163972833, 58.54202856160448, 58.67078866975748, 58.7994998520241, 58.92815996610824, 59.056766839035504, 59.18531826659662, 59.31381201277924, 59.4422458091877, 59.57061735445079, 59.698924313616835, 59.82716431753633, 59.95533496223164, 60.08343380825341, 60.211458380023444, 60.33940616516415, 60.46727461381348, 60.59506113792611, 60.72276311055953, 60.8503778651456, 60.977902694746824, 61.10533485129705, 61.23267154482671, 61.35990994267146, 61.487047168665065, 61.614080302315145, 61.741006377962115, 61.86782238392078, 61.994525261604274, 62.12111190463015, 62.24757915790803, 62.37392381670893, 62.50014262571541, 62.62623227805271, 62.75218941430027, 62.87801062148333, 63.00369243204442, 63.12923132279438, 63.25462371384246, 63.37986596750544, 63.50495438719509, 63.629885216284194, 63.75465463695034, 63.8792587689974, 64.00369366865446, 64.1279553273518, 64.25203967047389, 64.37594255608867, 64.4996597736535, 64.62318704269697, 64.74652001147675, 64.86965425561314, 64.99258527669804, 65.1153085008792, 65.23781927741999, 65.36011287723386, 65.48218449139398, 65.60402922961775, 65.72564211872623, 65.84701810107828, 65.96815203297973, 66.08903868306744, 66.20967273066837, 66.33004876413392, 66.45016127914946, 66.57000467701975, 66.68957326293007, 66.80886124418362, 66.9278627284157, 67.0465717217848, 67.16498212714164, 67.28308774217629, 67.40088225754434, 67.51835925497282, 67.63551220534677, 67.75233446677733, 67.86881928265247, 67.98495977967151, 68.10074896586474, 68.21617972859934, 68.3312448325735, 68.44593691779991, 68.56024849758076, 68.6741719564759, 68.7876995482667, 68.90082339391714, 69.01353547953518, 69.12582765433676, 69.237691628615, 69.34911897171801, 69.46010111003804, 69.5706293250156, 69.68069475116222, 69.79028837410522, 69.89940102865945, 70.0080233969292, 70.11614600644593, 70.22375922834588, 70.33085327559323, 70.43741820125385, 70.5434438968257, 70.6489200906315, 70.75383634628055, 70.8581820612057, 70.96194646528318, 71.06511861954196, 71.1676874149709, 71.26964157143112, 71.37096963668253, 71.47165998553302, 71.57170081911917, 71.67108016432839, 71.76978587337216, 71.86780562352016, 71.96512691700657, 72.06173708111872, 72.1576232684799, 72.25277245753738
[26], 55.885467991793185, 56.01506943302988, 56.14466253027171, 56.274245692166005, 56.40381730624138, 56.53337573854746, 56.66291933328741, 56.792446412442644, 56.92195527538976, 57.05144419850952, 57.18091143478766, 57.31035521340719, 57.43977373933245, 57.56916519288414, 57.6985277293056, 57.82785947832003, 57.95715854367813, 58.08642300269649, 58.21565090578619, 58.34484027597132, 58.47398910839741, 58.603095369829596, 58.73215699814006, 58.86117190178458, 58.99013795926804, 59.1190530185988, 59.247914896731196, 59.37672137899644, 59.50547021852144, 59.63415913563533, 59.76278581726315, 59.89134791630711, 60.019843051014405, 60.14826880433168, 60.27662272324606, 60.404902318111816, 60.533105061963276, 60.661228389812635, 60.789269697933385, 60.91722634312844, 61.04509564198281, 61.17287487010039, 61.30056126132495, 61.428152006944565, 61.555644254879276, 61.68303510885193, 61.81032162754151, 61.93750082371864, 62.064569663363514, 62.19152506476493, 62.318363897601024, 62.44508298200076, 62.57167908758606, 62.6981489324944, 62.824489182380994, 62.95069644940097, 63.076767291170555, 63.20269820970711, 63.32848565034792, 63.45412600064729, 63.57961558925109, 63.704950684749456, 63.83012749450617, 63.9551421634655, 64.07999077293508, 64.20466933934557, 64.32917381298591, 64.4535000767146, 64.57764394464608, 64.70160116081253, 64.82536739780038, 64.94893825536144, 65.07230925899869, 65.19547585852591, 65.31843342660162, 65.44117725723675, 65.56370256427604, 65.68600447985294, 65.80807805281825, 65.9299182471419, 66.0515199402882, 66.1728779215648, 66.29398689044464, 66.41484145486184, 66.53543612948106, 66.6557653339407, 66.77582339107055, 66.89560452508316, 67.01510285974055, 67.1343124164958, 67.2532271126102, 67.37184075924664, 67.4901470595398, 67.6081396066438, 67.72581188175812, 67.84315725213284, 67.96016896905378, 68.07684016580917, 68.19316385563873, 68.30913292966636, 68.42474015481835, 68.53997817172824, 68.65483949263012, 68.76931649924263, 68.8834014406453, 68.99708643114903, 69.11036344816443, 69.22322433006892, 69.33566077407629, 69.44766433411166, 69.55922641869442, 69.67033828883294, 69.7809910559346, 69.89117567973486, 70.00088296624922, 70.11010356575309, 70.2188279707933, 70.32704651423677, 70.43474936736128, 70.54192653799362, 70.64856786870145, 70.75466303504427, 70.86020154389044, 70.96517273180679, 71.06956576352822, 71.17336963051423, 71.27657314960075, 71.37916496175535, 71.48113353094409, 71.58246714311954, 71.68315390533893, 71.7831817450222, 71.88253840936049, 71.98121146488494, 72.07918829720747, 72.1764561109442, 72.27300192983377, 72.36881259706202
[27], 55.94017048504605, 56.07003009061003, 56.199883158026516, 56.32972811311943, 56.45956336077354, 56.58938728457544, 56.719198246447164, 56.848994586271964, 56.97877462151227, 57.10853664681979, 57.23827893363704, 57.36799972979081, 57.49769725907674, 57.6273697208354, 57.75701528951911, 57.88663211424985, 58.01621831836746, 58.14577199896848, 58.27529122643521, 58.40477404395442, 58.53421846702621, 58.66362248296209, 58.79298405037244, 58.92230109864314, 59.05157152740069, 59.18079320596623, 59.30996397279778, 59.439081634920235, 59.568143967343644, 59.69714871246874, 59.82609357947951, 59.954976243723316, 60.08379434607723, 60.21254549230084, 60.34122725237554, 60.469837159829176, 60.59837271104653, 60.72683136456499, 60.85521054035497, 60.98350761908518, 61.111719941371945, 61.23984480701274, 61.367879474203015, 61.495821158736746, 61.62366703318954, 61.751414226084684, 61.879059821041274, 62.006600855904416, 62.134034321856916, 62.261357162512226, 62.38856627298827, 62.515658498961905, 62.642630635703206, 62.7694794270899, 62.89620156460111, 63.02279368628996, 63.149252375735195, 63.275574160970876, 63.40175551339413, 63.52779284665048, 63.65368251549644, 63.779420814638904, 63.90500397755107, 64.03042817526456, 64.15568951513725, 64.2807840395967, 64.40570772485863, 64.53045647962009, 64.65502614372735, 64.77941248681772, 64.90361120693532, 65.02761792912065, 65.15142820397293, 65.27503750618624, 65.39844123305781, 65.52163470296941, 65.64461315384084, 65.76737174155585, 65.88990553836014, 66.01220953123132, 66.13427862022075, 66.25610761676741, 66.37769124198341, 66.49902412491153, 66.62010080075467, 66.74091570907734, 66.86146319197947, 66.98173749224262, 67.10173275144898, 67.22144300807345, 67.34086219554911, 67.45998414030693, 67.5788025597897, 67.69731106044135, 67.81550313567213, 67.93337216380054, 68.0509114059727, 68.16811400406066, 68.28497297854037, 68.40148122635057, 68.51763151873443, 68.63341649906478, 68.7488286806551, 68.8638604445579, 68.9785040373524, 69.09275156892367, 69.20659501023553, 69.32002619109979, 69.4330367979442, 69.54561837158253, 69.6577623049891, 69.76945984108202, 69.88070207051769, 69.9914799295013, 70.1017841976167, 70.2116054956801, 70.32093428362272, 70.42976085840637, 70.53807535197795, 70.64586772926798, 70.75312778623908, 70.85984514799063, 70.96600926692585, 71.0716094209888, 71.17663471197744, 71.28107406394182, 71.38491622167398, 71.48814974929891, 71.59076302897503, 71.69274425971336, 71.79408145632499, 71.8947624485071, 71.99477488007787, 72.09410620837109, 72.19274370380175, 72.29067444961471, 72.38788534182814, 72.48436308938456
[28], 55.99436387287001, 56.124479998253626, 56.25459139033363, 56.38469649227333, 56.514793726481855, 56.6448814942565, 56.77495817541762, 56.90502212793565, 57.03507168755033, 57.1651051673818, 57.295120857533455, 57.42511702468629, 57.55509191168473, 57.685043737113325, 57.814970694864876, 57.94487095369877, 58.07474265679024, 58.20458392126987, 58.334392837753036, 58.464167469859426, 58.59390585372216, 58.72360599748629, 58.853265880796606, 58.98288345427402, 59.1124566389813, 59.24198332587659, 59.37146137525545, 59.50088861618077, 59.63026284590031, 59.759581829251616, 59.88884329805411, 60.01804495048777, 60.1471844504587, 60.27625942695062, 60.40526747336239, 60.534206146831266, 60.66307296754125, 60.791865418016734, 60.920580942400534, 61.04921694571646, 61.1777707931159, 61.306239809107986, 61.434621276773214, 61.56291243696006, 61.691110487464094, 61.81921258218967, 61.947215830293224, 62.07511729530842, 62.202913994252334, 62.33060289671254, 62.458180923914504, 62.58564494776933, 62.71299178990098, 62.84021822065282, 62.96732095807306, 63.094296666878954, 63.22114195739877, 63.34785338449181, 63.47442744644555, 63.60086058385008, 63.727149178448535, 63.8532895519643, 63.979277964903694, 64.10511061533404, 64.23078363763683, 64.35629310123555, 64.48163500929763, 64.60680529741057, 64.73179983223127, 64.85661441010875, 64.98124475567977, 65.10568652043675, 65.22993528126825, 65.353986538971, 65.47783571673376, 65.60147815859267, 65.72490912785736, 65.84812380550832, 65.97111728856483, 66.09388458842349, 66.216420629167, 66.33872024584352, 66.46077818271586, 66.5825890914814, 66.70414752946164, 66.82544795776248, 66.94648473940445, 67.06725213742392, 67.1877443129446, 67.3079553232203, 67.4278791196489, 67.54750954575827, 67.6668403351641, 67.78586510950076, 67.90457737632572, 68.02297052699768, 68.14103783453032, 68.2587724514216, 68.37616740746022, 68.49321560751042, 68.609909829276, 68.72624272104564, 68.84220679942031, 68.95779444702536, 69.07299791020834, 69.18780929672546, 69.3022205734178, 69.41622356388105, 69.52980994613023, 69.64297125026278, 69.75569885612302, 69.86798399097121, 69.97981772716038, 70.09119097982546, 70.20209450458792, 70.31251889528077, 70.42245458169812, 70.53189182737468, 70.64082072739977, 70.74923120627206, 70.85711301580024, 70.96445573305635, 71.0712487583881, 71.17748131349717, 71.28314243959102, 71.38822099561531, 71.49270565657629, 71.59658491196025, 71.69984706426028, 71.80248022761901, 71.90447232659747, 72.0058110950805, 72.10648407532912, 72.2064786171917, 72.3057818774849, 72.40438081955713, 72.50226221304689, 72.599412633849
[29], 56.04804503564672, 56.17841600378072, 56.308784042040244, 56.439147611085275, 56.569505151011946, 56.69985508099644, 56.83019579893128, 56.96052568105371, 57.09084308156642, 57.221146332249845, 57.35143374206637, 57.48170359675598, 57.61195415842304, 57.74218366511463, 57.87239033038916, 58.00257234287626, 58.132727865826666, 58.26285503665278, 58.39295196645898, 58.52301673956166, 58.65304741299942, 58.78304201603173, 58.9129985496274, 59.04291498594156, 59.172789267781226, 59.302619308059434, 59.43240298923702, 59.56213816275265, 59.691822648440144, 59.8214542339329, 59.95103067405555, 60.0805496902022, 60.21000896970087, 60.33940616516415, 60.468738893825545, 60.59800473686132, 60.72720123869739, 60.85632590630093, 60.985376208456664, 61.11434957502697, 61.24324339619608, 61.372055021697335, 61.500781760023884, 61.62942087762188, 61.757969598065955, 61.88642510121687, 62.01478452236057, 62.14304495132853, 62.27120343159903, 62.39925695937862, 62.52720248266386, 62.65503690028257, 62.7827570609143, 62.910359762089755, 63.03784174916854, 63.16519971429495, 63.292430295331215, 63.41953007476813, 63.54649557861232, 63.6733232752499, 63.8000095742858, 63.926550825359016, 64.05294331693243, 64.1791832750578, 64.30526686211441, 64.4311901755221, 64.55694924642734, 64.68254003836229, 64.80795844587679, 64.93320029314229, 65.05826133252768, 65.18313724314666, 65.30782362937612, 65.43231601934534, 65.55660986339568, 65.68070053251029, 65.8045833167137, 65.9282534234409, 66.05170597587583, 66.17493601125892, 66.29793847916339, 66.42070823974039, 66.54324006193272, 66.66552862165703, 66.78756849995425, 66.90935418110878, 67.03088005073589, 67.15214039383767, 67.27312939282777, 67.3938411255249, 67.51426956311556, 67.63440856808604, 67.75425189212464, 67.87379317399396, 67.99302593737407, 68.11194358867763, 68.230539414837, 68.34880658106471, 68.46673812858802, 68.58432697235905, 68.70156589874081, 68.81844756317174, 68.9349644878091, 69.05110905915362, 69.16687352565663, 69.2822499953124, 69.39723043323679, 69.51180665923579, 69.62597034536525, 69.73971301348556, 69.85302603281377, 69.96590061747621, 70.07832782406567, 70.19029854920609, 70.3018035271295, 70.41283332726879, 70.52337835187143, 70.63342883363877, 70.74297483339602, 70.85200623779859, 70.96051275708089, 71.06848392285342, 71.1759090859549, 71.28277741436692, 71.38907789119786, 71.49479931274438, 71.5999302866386, 71.70445923008985, 71.80837436823, 71.91166373257198, 72.01431515959186, 72.11631628944482, 72.21765456482628, 72.31831722998965, 72.41829132993288, 72.51756370976628, 72.6161210142747, 72.71394968768779
[30], 56.10121086420348, 56.231834965356946, 56.3624579382335, 56.493078261141434, 56.6236943920209, 56.754304768089334, 56.8849078054794, 57.01550189886897, 57.146085421103336, 57.276656722809065, 57.40721413199964, 57.537755953672516, 57.66828046939739, 57.79878593689566, 57.9292705896107, 58.05973263626861, 58.19017026042943, 58.32058162002889, 58.45096484690955, 58.581318046342226, 58.71163929653655, 58.84192664814086, 58.972178123731254, 59.10239171728918, 59.23256539366763, 59.362697088045564, 59.492784705370255, 59.622826119787234, 59.752819174057905, 59.88276167896384, 60.01265141269825, 60.142486120243895, 60.27226351273692, 60.40198126681699, 60.53163702396278, 60.661228389812635, 60.79075293347024, 60.920208186795094, 61.049591643676706, 61.17890075929316, 61.30813294935295, 61.437285589319984, 61.566356013621586, 61.69534151483865, 61.824239342877995, 61.95304670412637, 62.081760760585716, 62.210378628989154, 62.33889737989768, 62.46731403677666, 62.59562557505216, 62.723828921146406, 62.851920951491905, 62.97989849152426, 63.107758314652514, 63.23549714120727, 63.36311163736585, 63.49059841405375, 63.61795402582273, 63.74517496970422, 63.87225768403813, 63.999198547276556, 64.12599387676164, 64.25263992747755, 64.37913289077572, 64.50546889307329, 64.63164399452383, 64.75765418766053, 64.88349539601086, 65.0091634726823, 65.13465419891942, 65.25996328263085, 65.38508635688646, 65.51001897838425, 65.63475662588634, 65.75929469862379, 65.88362851467011, 66.00775330928286, 66.13166423321296, 66.25535635098211, 66.37882463912688, 66.50206398441046, 66.62506918200103, 66.74783493361706, 66.87035584563904, 66.99262642718797, 67.11464108817019, 67.23639413728883, 67.35787978002179, 67.47909211656652, 67.60002513975148, 67.72067273291506, 67.84102866775159, 67.96108660212549, 68.08084007785371, 68.200282518457, 68.31940722688087, 68.43820738318688, 68.55667604221512, 68.67480613121906, 68.79259044747367, 68.91002165585819, 69.02709228641497, 69.14379473188592, 69.26012124522816, 69.37606393711096, 69.49161477339585, 69.60676557260234, 69.7215080033615, 69.83583358186034, 69.94973366927951, 70.0631994692279, 70.17622202517721, 70.28879221790035, 70.40090076291732, 70.5125382079532, 70.62369493041255, 70.73436113487487, 70.84452685061682, 70.95418192916618, 71.06331604189408, 71.17191867765098, 71.27997914045395, 71.38748654723156, 71.49442982563453, 71.60079771191965, 71.70657874891555, 71.81176128407924, 71.91633346765268, 72.02028325092927, 72.12359838464063, 72.2262664174743, 72.32827469473432, 72.42961035715597, 72.53026033988729, 72.63021137165086, 72.72944997409857, 72.82796246137399
[31], 56.1538582603912, 56.28473375207979, 56.41560991483534, 56.54648524476026, 56.67735821778972, 56.808227289338845, 56.939090893942435, 57.06994744488665, 57.200795333832936, 57.33163293043358, 57.46245858193892, 57.593270612796154, 57.72406732423912, 57.85484699386926, 57.98560787522728, 58.11634819735556, 58.2470661643507, 58.377759954906445, 58.50842772184631, 58.63906759164603, 58.76967766394536, 58.90025601104894, 59.03080067741648, 59.161309679140984, 59.29178100341608, 59.422212607990836, 59.55260242061287, 59.68294833845879, 59.813248227551995, 59.94349992216748, 60.07370122422325, 60.20384990265812, 60.33394369279559, 60.46398029569349, 60.593957377478986, 60.72387256866841, 60.85372346347251, 60.98350761908518, 61.11322255495689, 61.24286575205159, 61.372434652086625, 61.50192665675602, 61.63133912693601, 61.7606693818728, 61.889914698351994, 62.01907230984962, 62.148139405663656, 62.2771131300266, 62.40599058119776, 62.53476881053529, 62.66344482154763, 62.79201556892362, 62.92047795754088, 63.048828841452284, 63.1770650228498, 63.305183251005325, 63.433180221187925, 63.561052573557276, 63.6887968920327, 63.81640970313709, 63.94388747481574, 64.07122661522905, 64.19842347151906, 64.32547432854902, 64.45237540761578, 64.57912286513428, 64.70571279129379, 64.83214120868531, 64.95840407089992, 65.08449726109711, 65.21041659054323, 65.33615779711916, 65.46171654379674, 65.587088417084, 65.71226892543802, 65.83725349764579, 65.96203748117193, 66.0866161404736, 66.2109846552814, 66.33513811884686, 66.45907153615548, 66.58277982210515, 66.70625779965027, 66.82950019791025, 66.95250165024332, 67.07525669228477, 67.19775975994979, 67.32000518740077, 67.44198720497906, 67.56369993710122, 67.68513740011994, 67.80629350014961, 67.92716203085699, 68.04773667121724, 68.16801098323536, 68.28797840963433, 68.40763227150953, 68.52696576595085, 68.64597196363302, 68.76464380637496, 68.88297410466953, 69.0009555351842, 69.11858063823486, 69.23584181523313, 69.35273132610999, 69.46924128671644, 69.58536366620363, 69.70109028438495, 69.81641280908173, 69.93132275345579, 70.04581147333117, 70.15987016450836, 70.27348986007446, 70.38666142771238, 70.4993755670136, 70.61162280679791, 70.72339350244552, 70.83467783324528, 70.94546579976523, 71.05574722125027, 71.16551173305311, 71.27474878410486, 71.38344763443162, 71.49159735272502, 71.59918681397303, 71.70620469716029, 71.81263948304576, 71.91847945202694, 72.02371268210007, 72.12832704692651, 72.23231021401567, 72.3356496430357, 72.43833258426363, 72.54034607718731, 72.64167694927147, 72.74231181490222, 72.8422370745228, 72.94143891397627
[32], 56.20598413766788, 56.33710924457089, 56.46823681920358, 56.59936537560228, 56.73049340784213, 56.86161938968623, 56.992741774227234, 57.12385899352097, 57.25496945821222, 57.38607155715213, 57.517163657007295, 57.64824410186024, 57.77931121280107, 57.910363287510165, 58.04139859983149, 58.17241539933659, 58.30341191087889, 58.434386334138, 58.565336843153965, 58.696261585851076, 58.827158683550955, 58.958026230475056, 59.088862293235586, 59.219664910315345, 59.35043209153573, 59.48116181751278, 59.611852039101066, 59.74250067682486, 59.87310562029679, 60.003664727622855, 60.13417582479454, 60.2646367050668, 60.395045128322046, 60.52539882041988, 60.65569547253163, 60.7859327404604, 60.91610824394515, 61.046219565949265, 61.176264251932736, 61.306239809107986, 61.43614370567858, 61.56597337006084, 61.69572619008748, 61.82539951219325, 61.95499064058216, 62.08449683637558, 62.21391531674099, 62.343243254001045, 62.472477774722286, 62.60161595878318, 62.7306548384211, 62.85959139725751, 62.98842256930129, 63.1171452379295, 63.24575623484486, 63.374252339010056, 63.5026302755579, 63.630886714676876, 63.75901827047197, 63.88702149979972, 64.01489290107749, 64.14262891306593, 64.2702259136247, 64.39768021844053, 64.524988079727, 64.65214568489603, 64.77914915520005, 64.90599454434462, 65.03267783707084, 65.15919494770692, 65.28554171868906, 65.41171391905, 65.5377072428758, 65.66351730772979, 65.78913965304336, 65.91456973847315, 66.03980294222394, 66.16483455933732, 66.2896597999452, 66.41427378748779, 66.53867155689622, 66.66284805273864, 66.78679812733012, 66.91051653880565, 67.0339979491562, 67.1572369222275, 67.28022792168137, 67.40296530891942, 67.52544334096906, 67.64765616833199, 67.7695978327945, 67.89126226520067, 68.01264328318757, 68.13373458888363, 68.25452976656959, 68.37502228030331, 68.49520547150787, 68.61507255652474, 68.73461662413172, 68.85383063302679, 68.97270740927902, 69.09123964374727, 69.209419889468, 69.32724055901352, 69.44469392182228, 69.56177210150268, 69.67846707311266, 69.79477066041633, 69.91067453312107, 70.02617020409649, 70.14124902657852, 70.25590219136173, 70.37012072398245, 70.48389548189708, 70.5972171516585, 70.71007624609543, 70.82246310149857, 70.93436787481859, 71.04578054088118, 71.15669088962429, 71.26708852336368, 71.37696285409324, 71.48630310082615, 71.59509828698489, 71.70333723784724, 71.81100857805615, 71.9181007292027, 72.02460190749079, 72.13050012149343, 72.23578317001072, 72.34043864004042, 72.44445390487238, 72.54781612231865, 72.65051223309223, 72.7525289593472, 72.85385280339416, 72.95447004660555, 73.05436674852575
[33], 56.25758542168766, 56.38895833557384, 56.52033551073868, 56.65171547928605, 56.783096753569744, 56.91447782584478, 57.04585716791098, 57.17723323074873, 57.30860444414675, 57.43996921632155, 57.57132593352853, 57.702672959664454, 57.834008635861, 57.965331280069385, 58.0966391866356, 58.22793062586636, 58.359203843584865, 58.490457060677336, 58.62168847262854, 58.752896249047645, 58.884078533182674, 59.01523344142454, 59.14635906279961, 59.27745345845081, 59.40851466110701, 59.53954067454037, 59.67052947301121, 59.80147900070046, 59.932387171129015, 60.06325186656389, 60.19407093741079, 60.32484220159286, 60.45556344391508, 60.586232415414315, 60.71684683269411, 60.847404377244686, 60.977902694746824, 61.108339394360165, 61.238712047994895, 61.3690181895667, 61.499255314234745, 61.62942087762188, 61.759512295017, 61.88952694055909, 62.01946214640223, 62.14931520186183, 62.27908335254051, 62.40876379943461, 62.538353698019534, 62.66785015731435, 62.797250238924775, 62.92655095606427, 63.05574927255238, 63.18484210179051, 63.3138263057138, 63.44269869371935, 63.57145602156963, 63.70009499027123, 63.82861224492764, 63.957004373566186, 64.08526790593845, 64.21339931229318, 64.34139500212163, 64.46925132287481, 64.59696455865159, 64.72453092885756, 64.85194658683407, 64.97920761845647, 65.10631004070146, 65.23324980018286, 65.3600227716551, 65.48662475648379, 65.61305148108352, 65.73929859532117, 65.86536167088535, 65.99123619962066, 66.11691759182678, 66.24240117452129, 66.3676821896665, 66.49275579235915, 66.6176170489827, 66.7422609353222, 66.86668233464071, 66.99087603571736, 67.11483673084638, 67.23855901379707, 67.36203737773434, 67.4852662130994, 67.60823980545065, 67.73095233326472, 67.85339786569725, 67.97557036030351, 68.09746366071921, 68.2190714943012, 68.34038746972848, 68.46140507456369, 68.5821176727757, 68.70251850222337, 68.82260067210146, 68.94235716034898, 69.0617808110212, 69.18086433162598, 69.2996002904255, 69.4179811137048, 69.53599908300849, 69.65364633234684, 69.77091484537371, 69.88779645253743, 70.00428282820745, 70.12036548777871, 70.23603578475671, 70.3512849078256, 70.46610387790311, 70.58048354518502, 70.69441458618338, 70.80788750076225, 70.92089260917538, 71.03342004911048, 71.145459772745, 71.25700154381933, 71.36803493473265, 71.47854932366798, 71.58853389175334, 71.69797762026589, 71.80686928788658, 71.91519746801401, 72.02295052614568, 72.13011661733596, 72.23668368374078, 72.34263945225898, 72.44797143228188, 72.5526669135619, 72.65671296421311, 72.76009642885631, 72.86280392692184, 72.96482185112492, 73.0661363661279, 73.16673340740522
[34], 56.30865905089504, 56.44027793055744, 56.57190286149616, 56.70353239400987, 56.835165058863275, 56.966799366940684, 57.09843380889179, 57.230066854769746, 57.36169695366101, 57.49332253330711, 57.6249419997179, 57.7565537367762, 57.88815610583344, 58.019747445296495, 58.15132607020494, 58.28289027179901, 58.4144383170776, 58.54596844834644, 58.677478882755956, 58.80896781182864, 58.940433400975635, 59.07187378900248, 59.20328708760328, 59.33467138084369, 59.46602472463168, 59.597345146176494, 59.728630643435096, 59.859879184545704, 59.991088707248494, 60.12225711829308, 60.25338229283187, 60.384462073799966, 60.51549427128014, 60.6464766618537, 60.77740698793589, 60.90828295709594, 61.039102241361604, 61.169862476507106, 61.30056126132495, 61.43119615688051, 61.561764685749274, 61.6922643312366, 61.82269253657889, 61.95304670412637, 62.08332419450694, 62.213522325770086, 62.34363837251141, 62.47366956497615, 62.603613088142225, 62.73346608078173, 62.863225634500544, 62.99288879275555, 63.12245254984907, 63.2519138498998, 63.381269585789795, 63.5105165980872, 63.6396516739437, 63.76867154596656, 63.89757289106459, 64.02635232926737, 64.15500642251726, 64.28353167343367, 64.41192452404874, 64.54018135451425, 64.66829848177882, 64.79627215823513, 64.92409857033599, 65.05177383717943, 65.17929400906168, 65.30665506599752, 65.4338529162075, 65.56088339457136, 65.68774226104713, 65.81442519905518, 65.94092781382668, 66.06724563071612, 66.19337409347676, 66.31930856249915, 66.44504431301158, 66.57057653324226, 66.69590032254264, 66.82101068947114, 66.94590254983733, 67.07057072470556, 67.19500993835791, 67.31921481621606, 67.44317988272167, 67.56689955917471, 67.69036816153036, 67.81357989815271, 67.93652886752677, 68.05920905592751, 68.18161433504622, 68.30373845957453, 68.4255750647456, 68.5471176638331, 68.66835964560813, 68.7892942717542, 68.90991467424116, 69.03021385265824, 69.15018467150705, 69.26981985745572, 69.38911199655405, 69.5080535314125, 69.62663675834426, 69.74485382447378, 69.86269672481187, 69.98015729930006, 70.09722722982596, 70.2138980372118, 70.33016107817879, 70.44600754228996, 70.5614284488744, 70.6764146439364, 70.7909567970529, 70.90504539826325, 71.0186707549553, 71.13182298875277, 71.24449203240884, 71.35666762671089, 71.46833931740262, 71.57949645212966, 71.6901281774153, 71.80022343567352, 71.9097709622669, 72.01875928261781, 72.1271767093813, 72.23501133968935, 72.34225105247587, 72.44888350589358, 72.5548961348334, 72.66027614855801, 72.76501052846302, 72.86908602597721, 72.97248916061754, 73.07520621821193, 73.17722324930628, 73.2785260677707
[35], 56.35920197712426, 56.49106494832431, 56.6229357568046, 56.75481297117929, 56.88669514074963, 57.0185807951599, 57.15046844404555, 57.28235657667376, 57.414243661575604, 57.54612814617019, 57.67800845638033, 57.809882996239416, 57.94175014748958, 58.07360826917058, 58.205455697199696, 58.337290743941566, 58.469111697768746, 58.60091682261191, 58.73270435749987, 58.86447251608927, 58.99621948618303, 59.1279434292382, 59.259642479862215, 59.391314745297585, 59.52295830489484, 59.65457120957297, 59.78615148126775, 59.91769711236692, 60.04920606513245, 60.18067627110936, 60.31210563052059, 60.443492011648054, 60.57483325019883, 60.70612714865702, 60.837371475619946, 60.968563965119095, 61.099702315925164, 61.230784190836374, 61.36180721595076, 61.492768979920534, 61.62366703318954, 61.75449888721237, 61.88526201365528, 62.01595384357803, 62.146571766596736, 62.2771131300266, 62.407575238004775, 62.53795535059203, 62.668250682853774, 62.79845840391893, 62.92857563601668, 63.05859945349068, 63.18852688178969, 63.31835489643459, 63.448080421961045, 63.57770033083713, 63.707211442355565, 63.83661052149981, 63.96589427778369, 64.0950593640636, 64.22410237532297, 64.35301984742821, 64.48180825585581, 64.61046401438945, 64.73898347378712, 64.86736292041704, 64.99559857486227, 65.12368659049282, 65.25162305200517, 65.37940397392808, 65.50702529909435, 65.63448289707776, 65.76177256259453, 65.88889001386858, 66.01583089096034, 66.14259075405778, 66.26916508172971, 66.39554926914032, 66.52173862622439, 66.64772837582285, 66.77351365177755, 66.89908949698544, 67.02445086141073, 67.1495926000552, 67.2745094708859, 67.39919613271974, 67.52364714306435, 67.64785695591544, 67.77181991950937, 67.89553027403149, 68.01898214927934, 68.14216956228094, 68.2650864148676, 68.38772649120159, 68.51008345525823, 68.63215084826281, 68.75392208608227, 68.87539045657199, 68.99654911687774, 69.11739109069399, 69.23790926547797, 69.35809638962128, 69.47794506957929, 69.59744776695932, 69.71659679556892, 69.8353843184256, 69.95380234472901, 70.07184272679791, 70.18949715697349, 70.3067571644908, 70.42361411232156, 70.54005919398982, 70.65608343036442, 70.77167766643043, 70.88683256804396, 71.0015386186731, 71.11578611613037, 71.22956516929986, 71.34286569486501, 71.45567741404159, 71.56798984932193, 71.67979232123669, 71.79107394514018, 71.90182362802732, 72.01203006538874, 72.12168173811327, 72.23076690944596, 72.33927362201099, 72.44718969490987, 72.55450272090489, 72.66120006369977, 72.76726885532894, 72.87269599366844, 72.97746814008154, 73.08157171721366, 73.18499290695107, 73.2877176485594, 73.38973163701814
[36], 56.40921116620339, 56.54131632162442, 56.67343109588875, 56.80555407604, 56.93768383003475, 57.06981890640098, 57.20195783388891, 57.33409912111385, 57.46624125619118, 57.598382706362884, 57.73052191761575, 57.86265731429095, 57.99478729868454, 58.126910250638936, 58.259024527125234, 58.391128461815626, 58.52322036464639, 58.65529852137033, 58.78736119309962, 58.91940661583728, 59.05143299999847, 59.18343852992031, 59.31542136336049, 59.447379630984194, 59.579311435839024, 59.711214852817726, 59.84308792810828, 59.974928678631265, 60.10673509146381, 60.238505123250235, 60.370236699598706, 60.50192771446361, 60.63357602951363, 60.765179473484515, 60.89673584151693, 61.028242894478296, 61.15969835826872, 61.291099923110586, 61.422445242820764, 61.55373193406625, 61.684957575601445, 61.816119707487516, 61.947215830293224, 62.078243404276556, 62.20919984854681, 62.340082540206815, 62.470888813474424, 62.60161595878318, 62.732261221861464, 62.862821802789476, 62.99329485503375, 63.12367748445876, 63.25396674831442, 63.38415965419981, 63.51425315900199, 63.64424416780928, 63.77412953279898, 63.90390605209804, 64.03357046861699, 64.16311946885591, 64.29254968168196, 64.421857677078, 64.55103996486133, 64.6800929933722, 64.80901314813136, 64.93779675046568, 65.0664400561018, 65.19493925372625, 65.3232904635123, 65.45148973561207, 65.57953304861361, 65.70741630796225, 65.8351353443453, 65.96268591203952, 66.09006368722078, 66.21726426623499, 66.34428316382981, 66.4711158113462, 66.59775755486949, 66.72420365333885, 66.85044927661501, 66.97648950350514, 67.1023193197444, 67.22793361593382, 67.35332718543346, 67.47849472221057, 67.60343081864232, 67.72812996327232, 67.85258653852054, 67.97679481834646, 68.10074896586474, 68.22444303091326, 68.3478709475733, 68.47102653164154, 68.59390347805378, 68.71649535826033, 68.8387956175532, 68.96079757234496, 69.0824944073996, 69.20387917301585, 69.32494478216324, 69.44568400757116, 69.56608947877226, 69.68615367910054, 69.8058689426451, 69.92522745116108, 70.0442212309386, 70.16284214963171, 70.2810819130489, 70.39893206190679, 70.51638396854997, 70.63342883363877, 70.75005768280772, 70.86626136329814, 70.98203054056792, 71.09735569488204, 71.21222711788792, 71.32663490918017, 71.44056897285914, 71.5540190140886, 71.6669745356583, 71.7794248345573, 71.89135899856466, 72.00276590286457, 72.11363420669358, 72.223952350028, 72.33370855032038, 72.44289079929428, 72.55148685980733, 72.65948426279367, 72.76687030429648, 72.87363204260339, 72.97975629549725, 73.08522963763592, 73.19003839807569, 73.29416865795338, 73.39760624834345, 73.50033674830689
[37], 56.45868359856333, 56.59102899777376, 56.72338579249793, 56.85575258831605, 56.98812797195186, 57.120510510933734, 57.252898753248296, 57.38529122698597, 57.51768643997863, 57.650082879428986, 57.78247901153136, 57.91487328108404, 58.047264111092474, 58.17964990236347, 58.312029033090305, 58.44439985842763, 58.57676071005722, 58.709109895743175, 58.841445698877116, 58.97376637801256, 59.10607016638859, 59.23835527144219, 59.370619874309575, 59.502862129315304, 59.635080163449736, 59.76727207583413, 59.899435937173, 60.031569789193746, 60.16367164407268, 60.29573948384783, 60.42777125981767, 60.55976489192525, 60.691718268128255, 60.82362924375343, 60.955495640836084, 61.08731524744321, 61.2190858169812, 61.350805067486185, 61.482470680897755, 61.614080302315145, 61.745631539235454, 61.87712196077359, 62.00854909686338, 62.13991043743941, 62.27120343159903, 62.40242548674427, 62.53357396770289, 62.664646195828034, 62.79563944807653, 62.92655095606427, 63.05737790509915, 63.18811743319054, 63.318766630034425, 63.449322535974304, 63.57978214093687, 63.71014238334167, 63.840400148984564, 63.970552269894206, 64.10059552316065, 64.23052662973579, 64.36034225320483, 64.49003899852812, 64.61961341075248, 64.74906197369181, 64.87838110857581, 65.00756717266621, 65.13661645784015, 65.26552518913928, 65.39428952328473, 65.52290554715636, 65.65136927623617, 65.77967665301479, 65.90782354536039, 66.03580574484934, 66.16361896505762, 66.29125883981268, 66.41872092140424, 66.54600067875423, 66.67309349554428, 66.79999466830056, 66.92669940443494, 67.05320282024188, 67.1794999388504, 67.3055856881302, 67.43145489855155, 67.55710230099811, 67.68252252453223, 67.80771009411171, 67.93265942825809, 68.05736483667555, 68.18182051781986, 68.3060205564173, 68.4299589209328, 68.55362946098732, 68.67702590472392, 68.80014185612245, 68.9229707922628, 69.0455060605367, 69.16774087580784, 69.28966831752118, 69.41128132676066, 69.53257270325685, 69.6535351023444, 69.77416103186988, 69.89444284905146, 70.01437275729069, 70.13394280293822, 70.2531448720142, 70.37197068688556, 70.49041180290125, 70.60845960498828, 70.72610530421012, 70.84333993429058, 70.9601543481054, 71.07653921414553, 71.19248501295485, 71.30798203354651, 71.42302036980212, 71.53758991685841, 71.65168036748616, 71.76528120846726, 71.87838171697564, 71.99097095696851, 72.10303777559488, 72.21457079962934, 72.32555843193832, 72.4359888479886, 72.5458499924066, 72.65512957559916, 72.76381507044609, 72.87189370907605, 72.97935247973842, 73.08617812378354, 73.19235713276571, 73.2978757456835, 73.40271994637264, 73.50687546106838, 73.61032775615455
[38], 56.50761626985115, 56.64019993927739, 56.77279677553913, 56.90540540285321, 57.03802442681514, 57.17065243406314, 57.30328799193457, 57.43592964811439, 57.56857593027569, 57.701225345711876, 57.833876380960604, 57.966527501418675, 58.09917715094845, 58.23182375147483, 58.364465702573106, 58.49710138104708, 58.6297291404974, 58.76234731087982, 58.8949541980531, 59.02754808331631, 59.16012722293527, 59.29268984765778, 59.42523416221748, 59.55775834482588, 59.69026054665244, 59.82273889129225, 59.9551914742211, 60.08761636223741, 60.220011592891105, 60.35237517389848, 60.48470508254335, 60.61699926506365, 60.74925563602335, 60.88147207766922, 61.01364643927213, 61.14577653645225, 61.277860150488245, 61.40989502760953, 61.54187887827119, 61.67380937641182, 61.805684158692614, 61.93750082371864, 62.06925693124049, 62.20095000133693, 62.33257751357735, 62.46413690616383, 62.59562557505216, 62.72704087305131, 62.85838010890101, 62.98964054632648, 63.12081940307018, 63.2519138498998, 63.382921009591534, 63.51383795588913, 63.64466171243656, 63.775389251685056, 63.906017493773085, 64.03654330537897, 64.16696349854519, 64.29727482947389, 64.42747399729316, 64.55755764279255, 64.68752234712821, 64.81736463049603, 64.94708095077246, 65.07666770212231, 65.20612121357244, 65.33543774755115, 65.46461349839163, 65.59364459079968, 65.72252707828416, 65.85125694154955, 65.97983008685027, 66.10824234430511, 66.23648946617183, 66.36456712508036, 66.49247091222448, 66.62019633551046, 66.74773881766245, 66.87509369428346, 67.00225621187123, 67.1292215257882, 67.25598469818466, 67.38254069587462, 67.5088843881633, 67.63501054462556, 67.76091383283496, 67.88658881604192, 68.01202995080143, 68.13723158454843, 68.26218795312157, 68.38689317823355, 68.51134126488859, 68.63552609874593, 68.75944144342914, 68.8830809377812, 69.0064380930645, 69.1295062901064, 69.25227877638947, 69.37474866308709, 69.49690892204403, 69.61875238270267, 69.74027172897497, 69.8614594960608, 69.98230806721332, 70.10280967045207, 70.22295637522511, 70.34274008902085, 70.46215255393182, 70.5811853431709, 70.69982985754282, 70.81807732187255, 70.935918781393, 71.05334509809484, 71.17034694704127, 71.28691481265125, 71.40303898495463, 71.51870955582342, 71.63391641518353, 71.74864924721196, 71.86289752652472, 71.97665051436142, 72.08989725477264, 72.20262657081717, 72.31482706077657, 72.42648709439491, 72.53759480915255, 72.64813810658333, 72.75810464864492, 72.86748185415374, 72.9762568952952, 73.08441669422223, 73.19194791975498, 73.29883698419573, 73.40507004027424, 73.51063297823873, 73.61551142311014, 73.71969073211693
[39], 56.55600619154782, 56.68882612445722, 56.82166098971489, 56.95450943026708, 57.087370070678375, 57.220241516798836, 57.353122355423324, 57.486011153943075, 57.618906459989226, 57.751806801068206, 57.884710684188526, 58.01761659547895, 58.15052299979791, 58.28342834033366, 58.416331038195025, 58.549229491992904, 58.68212207741148, 58.81500714676968, 58.94788302857208, 59.080748027049324, 59.213600421687666, 59.346438466747095, 59.47926039076833, 59.61206439606778, 59.74484865822063, 59.87761132553136, 60.01035051849179, 60.14306432922576, 60.2757508209208, 60.4084080272458, 60.54103395175482, 60.67362656727613, 60.80618381528694, 60.938703605272266, 61.07118381406881, 61.20362228519243, 61.33601682814934, 61.468365217730444, 61.60066519328832, 61.732914457996536, 61.86511067809073, 61.997251482091, 62.12933446000512, 62.261357162512226, 62.39331710012619, 62.525211742338406, 62.65703851673933, 62.78879480811829, 62.92047795754088, 63.05208526140372, 63.1836139704655, 63.31506128885401, 63.44642437304856, 63.57770033083713, 63.7088862202475, 63.83997904845179, 63.97097577064383, 64.10187328888863, 64.232668450943, 64.3633580490472, 64.49393881868623, 64.62440743732046, 64.75476052308493, 64.88499463345597, 65.01510626388516, 65.14509184639924, 65.27494774816536, 65.40467027002116, 65.53425564496833, 65.66370003662901, 65.79299953766473, 65.92215016815598, 66.05114787394257, 66.17998852492343, 66.3086679133148, 66.43718175186652, 66.56552567203491, 66.69369522211176, 66.8216858653086, 66.94949297779476, 67.07711184668922, 67.2045376680046, 67.33176554454316, 67.45879048374285, 67.58560739547399, 67.71221108978456, 67.83859627459381, 67.96475755333343, 68.09068942253528, 68.21638626936509, 68.3418423691014, 68.46705188255918, 68.59200885345723, 68.716707205729, 68.84114074077645, 68.9653031346661, 69.08918793526716, 69.21278855933154, 69.33609828951522, 69.45911027134089, 69.5818175101022, 69.70421286770923, 69.82628905947564, 69.94803865084788, 70.06945405407664, 70.19052752483175, 70.31125115876071, 70.43161688799222, 70.55161647758585, 70.6712415219294, 70.79048344108526, 70.90933347708793, 71.02778269019498, 71.14582195509362, 71.26344195706598, 71.38063318811581, 71.49738594306076, 71.61369031559319, 71.7295361943147, 71.84491325874842, 71.95981097533465, 72.074218593415, 72.18812514121213, 72.30151942181064, 72.41439000914764, 72.52672524401981, 72.63851323011671, 72.74974183008838, 72.8603986616586, 72.97047109379332, 73.07994624293667, 73.18881096932668, 73.29705187340409, 73.4046552923279, 73.51160729661402, 73.61789368691149, 73.72349999093483, 73.8284114605699
[40], 56.60385039158991, 56.736904548083935, 56.869975396165565, 57.00306159759588, 57.13616179599844, 57.269274616529415, 57.40239866554021, 57.53553253023222, 57.668674778303576, 57.8018239575877, 57.93497859568349, 58.068137199576654, 58.20129825525241, 58.3344602272989, 58.467621558501456, 58.60078066942704, 58.73393595799912, 58.86708579906209, 59.00022854393586, 59.13336251995931, 59.26648603002319, 59.39959735209152, 59.532694738711946, 59.66577641651389, 59.79884058569477, 59.93188541949395, 60.06490906365367, 60.19790963586715, 60.33088522521316, 60.463833891576826, 60.5967536650564, 60.729642545355304, 60.86249850115961, 60.995319469499854, 61.12810335509763, 61.260848029695545, 61.3935513313712, 61.52621106383374, 61.65882499570334, 61.79139085977267, 61.92390635224999, 62.056369131983615, 62.18877681966686, 62.32112699702326, 62.45341720597148, 62.58564494776933, 62.71780768213632, 62.84990282635432, 62.9819277543456, 63.11387979572773, 63.24575623484486, 63.377554309774524, 63.50927121130941, 63.640904081913824, 63.77245001465333, 63.90390605209804, 64.03526918519778, 64.16653635212911, 64.29770443711342, 64.42877026920478, 64.55973062104779, 64.69058220760374, 64.82132168484478, 64.95194564841526, 65.08245063225937, 65.2128331072142, 65.34308947956755, 65.47321608957951, 65.60320920996688, 65.73306504434991, 65.86277972565989, 65.9923493145074, 66.12176979750944, 66.25103708557573, 66.38014701215165, 66.50909533141855, 66.63787771644917, 66.76648975731808, 66.89492695916564, 67.02318474021494, 67.15125842974028, 67.27914326598687, 67.40683439404016, 67.53432686364421, 67.66161562696823, 67.78869553631992, 67.91556134180544, 68.04220768893411, 68.16862911616802, 68.29482005241499, 68.42077481446414, 68.54648760436369, 68.67195250673993, 68.79716348605633, 68.9221143838131, 69.04679891568551, 69.17121066860126, 69.29534309775595, 69.41918952356646, 69.54274312856212, 69.665996954213, 69.78894389769583, 69.91157670859695, 70.03388798555308, 70.15587017282975, 70.27751555683798, 70.39881626258986, 70.51976425009393, 70.64035131069117, 70.76056906333275, 70.88040895080152, 70.9998622358781, 71.11891999745434, 71.23757312659583, 71.35581232255639, 71.4736280887472, 71.59101072866407, 71.70795034177628, 71.82443681938109, 71.94045984042873, 72.05600886732229, 72.17107314169851, 72.2856416801952, 72.39970327021196, 72.51324646567119, 72.62625958278764, 72.73873069585444, 72.85064763305522, 72.96199797231216, 73.07276903718048, 73.18294789280124, 73.29252134192497, 73.4014759210187, 73.50979789647201, 73.61747326091609, 73.72448772967277, 73.8308267373511, 73.93647543460935
[41], 56.65114591499523, 56.784432222012896, 56.91773697311581, 57.0510588489578, 57.18439651230348, 57.31774860770171, 57.45111376115158, 57.5844905797604, 57.71787765139405, 57.85127354431878, 57.98467680683476, 58.118085966901134, 58.25149953175191, 58.38491598750301, 58.51833379874991, 58.65175140815577, 58.78516723602958, 58.918579679894506, 59.0519871140455, 59.18538788909671, 59.318780331517644, 59.4521627431584, 59.585533400763204, 59.71889055547231, 59.852232432311716, 59.98555722967045, 60.11886311876513, 60.25214824309138, 60.385410717861994, 60.518648629430864, 60.651860034703304, 60.785042960531186, 60.91819540309386, 61.051315327263, 61.18440066595229, 61.31744931945045, 61.45045915473824, 61.58342800478772, 61.716353667844665, 61.849233906692454, 61.98206644789804, 62.11484898103839, 62.24757915790803, 62.38025459170633, 62.51287285620424, 62.64543148489019, 62.77792797009416, 62.910359762089755, 63.04272426817349, 63.17501885172048, 63.3072408312165, 63.43938747926508, 63.57145602156963, 63.703443635889336, 63.83534745096868, 63.967164545439466, 64.09889194669512, 64.23052662973579, 64.36206551598433, 64.4935054720719, 64.6248433085925, 64.75607577882569, 64.88719957742674, 65.01821133908331, 65.14910763713767, 65.27988498217405, 65.41053982056957, 65.54106853300871, 65.67146743295947, 65.80173276511118, 65.93186070377233, 66.06184735122778, 66.19168873605477, 66.3213808113958, 66.45091945318819, 66.58030045834916, 66.70951954291526, 66.83857234013516, 66.96745439851492, 67.09616117981443, 67.22468805699455, 67.3530303121131, 67.48118313416934, 67.60914161689563, 67.73690075649529, 67.86445544932548, 67.99180048952437, 68.11893056658138, 68.24584026284964, 68.37252405099947, 68.4989762914123, 68.62519122951386, 68.75116299304574, 68.87688558927478, 69.00235290213905, 69.12755868933009, 69.25249657931056, 69.3771600682665, 69.50154251699419, 69.62563714772044, 69.7494370408565, 69.87293513168517, 69.99612420698074, 70.11899690156213, 70.24154569477882, 70.36376290693042, 70.48564069561974, 70.60717105204034, 70.7283457971991, 70.84915657807488, 70.96959486371472, 71.0896519412685, 71.20931891196446, 71.32858668702696, 71.44744598353938, 71.56588732025448, 71.68390101335527, 71.80147717216997, 71.91860569484471, 72.03527626397849, 72.15147834222472, 72.26720116786511, 72.38243375036139, 72.49716486589122, 72.61138305287555, 72.72507660750468, 72.83823357927176, 72.95084176652252, 73.06288871203117, 73.174361698613, 73.28524774478558, 73.39553360049044, 73.50520574288892, 73.61425037224662, 73.7226534079217, 73.8304004844735, 73.93747694790932, 74.04386785208773
[42], 56.69788982449213, 56.831406175823936, 56.96494271652505, 57.09849814621219, 57.23207114686529, 57.36566038250452, 57.499264498859574, 57.632882123031415, 57.766511863145894, 57.900152307999385, 58.033802026695795, 58.167459568275234, 58.30112346133358, 58.43479221363331, 58.568464311704666, 58.70213822043763, 58.83581238266371, 58.96948521872809, 59.10315512605095, 59.23682047867876, 59.37047962682406, 59.50413089639458, 59.637772588510586, 59.771402979010425, 59.90502031794419, 60.03862282905467, 60.17220870924571, 60.30577612803741, 60.439323227007776, 60.5728481192208, 60.706348888639916, 60.83982358952728, 60.973270245827756, 61.10668685053779, 61.2400713650582, 61.373421718530956, 61.50673580715911, 61.64001149350989, 61.77324660579969, 61.906438937161624, 62.03958624489398, 62.17268624969003, 62.305736634847975, 62.43873504546086, 62.57167908758606, 62.70456632739319, 62.83739429029051, 62.970160460028836, 63.102862277782634, 63.23549714120727, 63.368062403472265, 63.50055537226955, 63.63297330879624, 63.76531342671119, 63.89757289106459, 64.02974881719987, 64.16183826962732, 64.2938382608686, 64.42574575027126, 64.55755764279255, 64.6892707877519, 64.82088197755093, 64.95238794636032, 65.08378536877282, 65.21507085842113, 65.34624096656006, 65.4772921806123, 65.60822092267595, 65.73902354799401, 65.86969634338405, 66.0002355256274, 66.13063723981685, 66.26089755766172, 66.39101247574945, 66.52097791376242, 66.65078971264927, 66.78044363274927, 66.90993535186904, 67.03926046331011, 67.16841447384668, 67.29739280165195, 67.42619077417254, 67.55480362594895, 67.68322649638228, 67.81145442744442, 67.9394823613322, 68.06730513806323, 68.19491749301285, 68.32231405439111, 68.44948934065826, 68.57643775787835, 68.70315359700932, 68.82963103112887, 68.95586411259505, 69.0818467701408, 69.20757280590097, 69.33303589237198, 69.45822956930233, 69.58314724051388, 69.70778217065306, 69.83212748187145, 69.9561761504353, 70.07992100326365, 70.2033547143948, 70.32646980138114, 70.44925862161193, 70.57171336856511, 70.69382606798747, 70.81558857400447, 70.93699256516015, 71.05802954038825, 71.17869081491556, 71.29896751609915, 71.41885057919946, 71.53833074309051, 71.65739854591088, 71.77604432065702, 71.89425819072281, 72.01203006538874, 72.12934963526445, 72.24620636768974, 72.36258950209827, 72.47848804535025, 72.59389076703984, 72.70878619478387, 72.82316260950005, 72.93700804068193, 73.05031026168004, 73.16305678499884, 73.27523485761981, 73.3868314563623, 73.49783328329445, 73.60822676120749, 73.71799802916787, 73.8271329381626, 73.93561704685462, 74.0434356174657, 74.15057361180631
[43], 56.74407920115193, 56.877823457464714, 57.01158964074175, 57.14537646962498, 57.279182645376, 57.413006851556666, 57.54684775370207, 57.68070399898596, 57.81457421587804, 57.948457013793266, 58.08235098273289, 58.21625469291652, 58.35016669440603, 58.48408551671983, 58.61800966843808, 58.75193763679858, 58.88586788728263, 59.01979886319081, 59.153728985208716, 59.28765665096186, 59.421580234559706, 59.55549808612879, 59.68940853133394, 59.823309870888245, 59.957200380050274, 60.09107830810951, 60.22494187785848, 60.3587892850522, 60.49261869785376, 60.626428256266365, 60.76021607155091, 60.89398022562912, 61.027718770471715, 61.1614297274708, 61.2951110867968, 61.42876080673906, 61.56237681302944, 61.69595699814899, 61.829499220616924, 61.96300130426125, 62.09646103747112, 62.229876172429705, 62.363244424327384, 62.49656347055509, 62.62983094987634, 62.76304446157837, 62.89620156460111, 63.029299776643576, 63.1623365732473, 63.29530938685586, 63.42821560584992, 63.561052573557276, 63.693817587237056, 63.82650789703742, 63.959120704926036, 64.09165316359265, 64.22410237532297, 64.35646539084287, 64.4887392081326, 64.62092077120968, 64.75300696887997, 64.88499463345597, 65.01688053944132, 65.14866140218093, 65.2803338764756, 65.41189455516019, 65.54333996764451, 65.67466657841585, 65.80587078550218, 65.93694891889521, 66.06789723893178, 66.19871193463314, 66.32938912200065, 66.45992484226687, 66.59031506010113, 66.7205556617681, 66.8506424532387, 66.9805711582518, 67.1103374163256, 67.23993678071781, 67.36936471633297, 67.49861659757624, 67.6276877061519, 67.7565732288058, 67.88526825501016, 68.01376777459001, 68.1420666752894, 68.27015974027663, 68.39804164558711, 68.5257069575028, 68.6531501298668, 68.78036550133197, 68.9073472925428, 69.03408960324882, 69.160586409349, 69.28683155986565, 69.41281877384722, 69.53854163719876, 69.66399359943924, 69.78916797038502, 69.91405791675871, 70.03865645872236, 70.16295646633526, 70.28695065593494, 70.41063158644204, 70.53399165558771, 70.65702309606482, 70.77971797160197, 70.90206817296118, 71.02406541385974, 71.14570122681683, 71.26696695892574, 71.38785376755321, 71.50835261596725, 71.62845426889507, 71.74814928801344, 71.867428027374, 71.98628062876617, 72.10469701702125, 72.22266689526089, 72.34017974009507, 72.45722479677319, 72.57379107429459, 72.6898673404835, 72.80544211703567, 72.92050367454328, 73.03504002750653, 73.1490389293401, 73.26248786738451, 73.37537405793212, 73.48768444127978, 73.59940567681974, 73.71052413818246, 73.82102590844558, 73.93089677542463, 74.04012222706206, 74.14868744693258, 74.25657730988408
[44], 56.78971114502491, 56.92368113389724, 57.05767477916099, 57.191690818537566, 57.325727972628385, 57.45978494459913, 57.59386041985659, 57.72795306571785, 57.86206153107155, 57.996184446030945, 58.130320421578986, 58.264468049204474, 58.39862590052966, 58.53279252692885, 58.66696645913774, 58.80114620685315, 58.93533025832325, 59.06951707992749, 59.203705115746494, 59.33789278712119, 59.47207849220122, 59.60626060548215, 59.74043747733113, 59.87460743350109, 60.00876877463237, 60.14291977574247, 60.277058685702436, 60.41118372670072, 60.545293093693175, 60.679384953839275, 60.81345744592417, 60.94750867976615, 61.081536735608864, 61.21553966349831, 61.34951548264394, 61.483462180763176, 61.61737771340955, 61.751260003283384, 61.88510693952458, 62.01891637698767, 62.15268613549768, 62.286413999087024, 62.42009771521251, 62.55373499395214, 62.68732350718081, 62.820860887724784, 62.95434472849385, 63.087772581591025, 63.22114195739877, 63.354450323641274, 63.48769510442218, 63.62087367923692, 63.753983381959024, 63.88702149979972, 64.0199852722401, 64.15287188993491, 64.28567849358745, 64.41840217279466, 64.55103996486133, 64.68358885358322, 64.81604576799758, 64.94840758110045, 65.08067110852988, 65.2128331072142, 65.34489027398413, 65.47683924414804, 65.60867659002915, 65.74039881946392, 65.87200237426028, 66.0034836286148, 66.13483888748792, 66.26606438493573, 66.39715628239745, 66.52811066693754, 66.65892354944087, 66.78959086276039, 66.92010845981541, 67.05047211163992, 67.18067750537925, 67.31072024223384, 67.44059583534927, 67.57029970765083, 67.69982718962136, 67.82917351702137, 67.95833382854987, 68.08730316344447, 68.21607645901986, 68.34464854814284, 68.473014156643, 68.60116790065727, 68.72910428390759, 68.85681769490986, 68.98430240411318, 69.11155256096812, 69.23856219092255, 69.36532519234419, 69.49183533336831, 69.61808624866987, 69.74407143615855, 69.86978425359625, 69.99521791513556, 70.12036548777871, 70.24521988775616, 70.36977387682403, 70.49402005847999, 70.61795087409716, 70.74155859897559, 70.86483533831144, 70.98777302308359, 71.11036340585838, 71.23259805651234, 71.35446835787415, 71.47596550128632, 71.59708048208815, 71.71780409502101, 71.83812692955837, 71.9580393651622, 72.07753156646862, 72.19659347840548, 72.31521482124579, 72.43338508560021, 72.55109352735369, 72.66832916255066, 72.78508076223471, 72.9013368472489, 73.0170856830035, 73.1323152742187, 73.24701335965118, 73.36116740681328, 73.47476460669503, 73.58779186850045, 73.70023581440975, 73.81208277438115, 73.92331878100582, 74.03392956443237, 74.14390054737667, 74.25321684023577, 74.36186323632488
[45], 56.83478277577876, 56.968976291747616, 57.10319518488543, 57.237438212039216, 57.371704113199975, 57.50599161119094, 57.64029941134829, 57.77462620119423, 57.908970650102496, 58.04333140895528, 58.17770710979249, 58.31209636545205, 58.44649776920181, 58.580909894362144, 58.715331293919824, 58.84976050013193, 58.98419602412038, 59.11863635545654, 59.25307996173508, 59.38752528813803, 59.52197075698737, 59.6564147672869, 59.790855694252514, 59.92529188883072, 60.059721677205175, 60.19414336029073, 60.32855521321487, 60.46295548478579, 60.59734239694726, 60.731714144219524, 60.86606889312597, 61.000404781605184, 61.134719918408024, 61.26901238247905, 61.403280222322316, 61.53752145535059, 61.67173406721795, 61.805916011134926, 61.94006520716607, 62.074179541509096, 62.20825686575537, 62.34229499613105, 62.47629171271832, 62.61024475865633, 62.74415183932099, 62.87801062148333, 63.011818732445576, 63.14557375915444, 63.27927324729101, 63.412914700336316, 63.54649557861232, 63.6800132982973, 63.81346523041491, 63.94684869979649, 64.08016098401541, 64.21339931229318, 64.34656086437592, 64.47964276938102, 64.61264210461266, 64.74555589434554, 64.87838110857581, 65.0111146617385, 65.14375341139038, 65.27629415685695, 65.40873363784367, 65.54106853300871, 65.67329545849806, 65.80541096644042, 65.93741154340181, 66.06929360879815, 66.20105351326522, 66.33268753698425, 66.46419188796261, 66.5955627002679, 66.72679603221445, 66.85788786450102, 66.98883409829821, 67.11963055328464, 67.25027296563019, 67.38075698592532, 67.51107817705486, 67.6412320120151, 67.77121387167273, 67.90101904246403, 68.03064271403333, 68.16007997680879, 68.2893258195146, 68.41837512661766, 68.54722267570769, 68.67586313480898, 68.80429105962277, 68.9325008906983, 69.06048695053151, 69.18824344058974, 69.3157644382613, 69.44304389372803, 69.57007562676024, 69.69685332343218, 69.82337053275671, 69.94962066323856, 70.07559697934461, 70.20129259789, 70.32670048433961, 70.45181344902325, 70.57662414326487, 70.70112505542377, 70.82530850684853, 70.94916664774246, 71.07269145294059, 71.19587471759833, 71.31870805279166, 71.44118288102949, 71.56329043167852, 71.68502173630193, 71.80636762391237, 71.92731871614156, 72.04786542232789, 72.16799793452401, 72.28770622242767, 72.40698002823824, 72.52580886144297, 72.64418199353658, 72.76208845267934, 72.8795170182982, 72.99645621563765, 73.11289431026584, 73.22881930254466, 73.34421892207035, 73.45908062209486, 73.5733915739371, 73.68713866139537, 73.80030847517233, 73.91288730732632, 74.02486114576207, 74.13621566877727, 74.24693623968099, 74.35700790150189, 74.46641537180652
[46], 56.879291233340005, 57.0137060379585, 57.14814793138918, 57.28261568964245, 57.417108072140266, 57.55162382140848, 57.68616166276151, 57.82072030397975, 57.95529843497886, 58.08989472747144, 58.22450783462017, 58.359136390682586, 58.49377901064733, 58.62843428986128, 58.763100803647674, 58.89777710691473, 59.032461733754744, 59.16715319703301, 59.301849987966776, 59.43655057569366, 59.571253406829, 59.70595690501268, 59.840659470444, 59.975359479405085, 60.11005528377236, 60.2447452105155, 60.379427561183526, 60.51410061137825, 60.64876261021379, 60.783411779762545, 60.91804631448689, 61.05266438065626, 61.187264115749066, 61.32184362783937, 61.45640099496748, 61.590934264494315, 61.725441452438865, 61.859920542798385, 61.9943694868508, 62.12878620243882, 62.26316857323524, 62.39751444798889, 62.531821639750575, 62.666087925078735, 62.80031104322374, 62.93448869529094, 63.06861854338086, 63.20269820970711, 63.33672527569, 63.470697281026666, 63.60461172273547, 63.738466054175284, 63.87225768403813, 64.00598397531463, 64.13964224423165, 64.273229759161, 64.40674373949881, 64.54018135451425, 64.67353972216712, 64.80681590789347, 64.94000692335747, 65.07310972517013, 65.20612121357244, 65.3390382310827, 65.4718575611069, 65.6045759265112, 65.73718998815495, 65.86969634338405, 66.0020915244825, 66.13437199708183, 66.26653415852701, 66.39857433619713, 66.53048878578038, 66.66227368950179, 66.79392515430216, 66.92543920996725, 67.05681180720583, 67.18803881567509, 67.31911602195215, 67.45003912745027, 67.58080374627806, 67.71140540304098, 67.84183953058258, 67.97210146766481, 68.10218645658571, 68.23208964073278, 68.36180606207049, 68.49133065856066, 68.62065826151375, 68.74978359286989, 68.87870126240763, 69.00740576487932, 69.13589147707106, 69.26415265478606, 69.3921834297496, 69.51997780643423, 69.64752965880344, 69.7748327269726, 69.9018806137857, 70.02866678130617, 70.15518454722081, 70.2814270811555, 70.40738740090107, 70.53305836854885, 70.65843268653428, 70.78350289358815, 70.90826136059407, 71.03270028635215, 71.1568116932482, 71.28058742282744, 71.40401913127381, 71.52709828479368, 71.64981615490534, 71.77216381363387, 71.89413212861288, 72.0157117580941, 72.13689314586613, 72.25766651608424, 72.37802186801375, 72.49794897068931, 72.61743735749343, 72.73647632065794, 72.85505490569248, 72.9731619057452, 73.09078585590065, 73.20791502742146, 73.32453742194073, 73.44064076561254, 73.55621250322969, 73.67123979231766, 73.78570949721619, 73.89960818315895, 74.01292211036498, 74.12563722815555, 74.23773916911132, 74.3492132432868, 74.46004443249996, 74.57021738471626
[47], 56.923233678537535, 57.05786750044405, 57.192530113184304, 57.32722031196142, 57.46193687566112, 57.596678566548086, 57.731444129955015, 57.86623229396418, 58.001041769081176, 58.135871247900745, 58.270719404764584, 58.405584895410605, 58.54046635661354, 58.67536240581688, 58.810271640755545, 58.94519263906926, 59.08012395790639, 59.21506413351768, 59.35001168084011, 59.484965093070095, 59.61992284122606, 59.75488337369991, 59.88984511579725, 60.024806469265755, 60.15976581181184, 60.29472149660457, 60.42967185176743, 60.564615179856425, 60.699549757325336, 60.83447383397679, 60.96938563239929, 61.104283347389654, 61.23916514536033, 61.37402916373142, 61.50887351030668, 61.64369626263324, 61.77849546734442, 61.913269139485415, 62.048015261820915, 62.18273178412481, 62.31741662245043, 62.452067658382084, 62.58668273826618, 62.721259672421915, 62.855796234330946, 62.99029015980523, 63.12473914613247, 63.25914085119862, 63.39349289258652, 63.52779284665048, 63.66203824756537, 63.79622658635026, 63.930355309865114, 64.06442181978056, 64.19842347151906, 64.33235757316758, 64.46622138436008, 64.6000121151296, 64.73372692472863, 64.86736292041704, 65.00091715621676, 65.13438663163187, 65.26776829033342, 65.40105901880793, 65.53425564496833, 65.66735493672655, 65.80035360052638, 65.93324827983567, 66.06603555359666, 66.19871193463314, 66.33127386801335, 66.46371772936753, 66.59603982315835, 66.72823638090337, 66.86030355934814, 66.99223743858829, 67.12403402013958, 67.25568922495418, 67.38719889138193, 67.51855877307516, 67.64976453683495, 67.7808117603985, 67.91169593016485, 68.04241243885772, 68.17295658312453, 68.30332356106888, 68.43350846971562, 68.56350630240671, 68.6933119461257, 68.82292017874995, 68.95232566622808, 69.08152295968134, 69.2105064924275, 69.33927057692442, 69.46780940163308, 69.59611702779709, 69.72418738613784, 69.85201427346298, 69.97959134918707, 70.10691213176271, 70.23396999502022, 70.3607581644149, 70.48726971318003, 70.61349755838431, 70.7394344568927, 70.86507300122915, 70.99040561534025, 71.1154245502589, 71.2401218796672, 71.3644894953578, 71.48851910259332, 71.61220221536357, 71.73553015154047, 71.858494027931, 71.9810847552283, 72.10329303286207, 72.22510934374941, 72.34652394894694, 72.46752688220685, 72.58810794443849, 72.70825669807871, 72.82796246137399, 72.94721430257812, 73.06600103407003, 73.18431120639666, 73.30213310224687, 73.41945473036245, 73.53626381939426, 73.65254781171119, 73.76829385717105, 73.88348880686428, 73.99811920684083, 74.11217129183325, 74.22563097898951, 74.33848386163041, 74.45071520304788, 74.56230993036246, 74.67325262845875
[48], 56.96660729374845, 57.10145782874719, 57.23633884648973, 57.37124916139271, 57.50618757182961, 57.641152859831344, 57.77614379077977, 57.91115911309362, 58.04619755790663, 58.18125783873819, 58.31633865115538, 58.45143867242717, 58.58655656116959, 58.72169095698255, 58.856840480077274, 58.99200373089466, 59.127179289713965, 59.26236571625168, 59.397561549250376, 59.53276530605706, 59.667975482190954, 59.80319055090019, 59.93840896270733, 60.07362914494315, 60.20884950126847, 60.34406841118393, 60.479284229526776, 60.61449528595489, 60.74969988441738, 60.88489630261137, 61.02008279142461, 61.15525757436372, 61.29041884696711, 61.42556477620282, 61.560693499850125, 61.69580312586528, 61.830891731729984, 61.96595736378278, 62.1009980365327, 62.236011731954484, 62.3709963987649, 62.50594995167979, 62.64087027065111, 62.775755200083196, 62.91060254802823, 63.0454100853595, 63.18017554492263, 63.31489662066337, 63.449570966731734, 63.58419619656182, 63.71876988192614, 63.8532895519643, 63.987752692184614, 64.12215674343864, 64.25649910086709, 64.39077711281666, 64.524988079727, 64.65912925298656, 64.7931978337569, 64.927190971764, 65.061105764056, 65.19493925372625, 65.32868842860071, 65.46235021988832, 65.59592150079392, 65.72939908509187, 65.86277972565989, 65.99606011297134, 66.12923687354537, 66.26230656835318, 66.39526569117946, 66.52811066693754, 66.66083784993695, 66.79344352210228, 66.92592389114135, 67.05827508866214, 67.19049316823607, 67.32257410340696, 67.45451378564357, 67.5863080222345, 67.71795253412374, 67.84944295368516, 67.98077482243465, 68.11194358867763, 68.2429446050908, 68.37377312623616, 68.50442430600545, 68.63489319499328, 68.7651747377974, 68.89526377024377, 69.02515501653505, 69.15484308632045, 69.28432247168519, 69.41358754405712, 69.54263255102995, 69.67145161309946, 69.80003872031222, 69.92838772882445, 70.05649235736882, 70.18434618362825, 70.3119426405138, 70.43927501234606, 70.5663364309375, 70.69311987157455, 70.81961814889766, 70.94582391267834, 71.07172964349078, 71.19732764827829, 71.32261005581194, 71.44756881204144, 71.57219567533707, 71.69648221162197, 71.82041978939459, 71.943999574641, 72.06721252563696, 72.1900493876408, 72.31250068747656, 72.43455672800984, 72.55620758251663, 72.67744308894768, 72.79825284409037, 72.9186261976307, 73.03855224611951, 73.15801982684577, 73.27701751162259, 73.39553360049044, 73.51355611534426, 73.63107279349072, 73.74807108114405, 73.86453812686868, 73.98046077497854, 74.09582555890417, 74.21061869453918, 74.32482607357994, 74.43843325687256, 74.55142546778373, 74.66378758561284, 74.77550413906474
[49], 57.0094092835456, 57.144474194698766, 57.279571269902355, 57.41469934279859, 57.549857231263715, 57.685043737113325, 57.82025764580004, 57.95549772610415, 58.09076272981643, 58.226051391413336, 58.361362427723854, 58.49669453758857, 58.632046401509676, 58.76741668129277, 58.90280401967926, 59.03820703996989, 59.17362434563855, 59.30905451993638, 59.444496125485806, 59.57994770386441, 59.715407775178036, 59.85087483762294, 59.98634736703687, 60.12182381643841, 60.25730261555463, 60.39278217033635, 60.528260862460876, 60.663737048821744, 60.799209061005214, 60.93467520475307, 61.070133759411114, 61.205582977363456, 61.34102108345153, 61.47644627437795, 61.61185671809442, 61.74725055317344, 61.88262588816304, 62.01798080092453, 62.15331333795216, 62.28862151367469, 62.42390330973806, 62.55915667426843, 62.69437952111566, 62.8295697290758, 62.96472514109257, 63.09984356343709, 63.23492276486486, 63.36996047574998, 63.50495438719509, 63.63990215011721, 63.77480137430792, 63.90964962746766, 64.04444443421328, 64.1791832750578, 64.31386358536179, 64.44848275425554, 64.58303812353088, 64.71752698650195, 64.85194658683407, 64.98629411733947, 65.12056671873917, 65.25476147838978, 65.38887542897444, 65.52290554715636, 65.65684875219445, 65.79070190451937, 65.92446180426936, 66.05812518978391, 66.19168873605477, 66.32514905313283, 66.45850268448909, 66.59174610532902, 66.72487572085866, 66.85788786450102, 66.99077879606129, 67.12354469983964, 67.25618168268971, 67.38868577202157, 67.52105291374748, 67.65327897016847, 67.78535971780086, 67.91729084513989, 68.04906795036005, 68.18068653894919, 68.31214202127506, 68.44342971008285, 68.57454481792088, 68.70548245449365, 68.8362376239395, 68.9668052220312, 69.09718003329762, 69.22735672806424, 69.3573298594107, 69.48709386004315, 69.61664303907955, 69.74597157874555, 69.87507353097942, 70.0039428139433, 70.13257320843937, 70.26095835422846, 70.38909174624925, 70.51696673073609, 70.64457650123356, 70.77191409450568, 70.89897238633827, 71.02574408723224, 71.15222173798668, 71.27839770516977, 71.40426417647625, 71.52981315597017, 71.65503645921153, 71.77992570826609, 71.90447232659747, 72.02866753384082, 72.15250234045779, 72.27596754227316, 72.3990537148925, 72.52175120800227, 72.64405013955285, 72.76594038982611, 72.88741159538904, 73.0084531429361, 73.12905416302269, 73.24920352369372, 73.36888982401082, 73.48810138748327, 73.60682625540808, 73.72505218012573, 73.84276661819847, 73.95995672351985, 74.07660934036433, 74.19271099638748, 74.30824789558878, 74.4232059112489, 74.53757057885677, 74.65132708904169, 74.76446028052747, 74.87695463312866
[50], 57.051636875346695, 57.18691379307842, 57.32222454506982, 57.45756798419182, 57.59294294782967, 57.72834825759264, 57.86378271901645, 57.99924512125853, 58.13473423678568, 58.27024882105405, 58.40578761218095, 58.541349330608725, 58.67693267876007, 58.812536340684815, 58.94815898169752, 59.08379924800636, 59.21945576633213, 59.355127143517926, 59.49081196612865, 59.62650880004033, 59.762216190018925, 59.897932659288216, 60.033656709086664, 60.169386818212566, 60.305121442557606, 60.4408590146281, 60.57659794305387, 60.712336612083924, 60.848073381069426, 60.98380658393237, 61.119534528620676, 61.2552554965486, 61.39096774202234, 61.526669491650246, 61.66235894373733, 61.79803426766337, 61.93369360324441, 62.069335060077066, 62.20495671686478, 62.340556620726225, 62.4761327864845, 62.611683195937154, 62.74720579710612, 62.88269850346714, 63.01815919315794, 63.15358570816459, 63.288975853485375, 63.424327396271465, 63.55963806494368, 63.694905548284765, 63.83012749450617, 63.96530151028884, 64.100425159797, 64.23549596366426, 64.37051139795119, 64.50546889307329, 64.64036583269882, 64.77519955261536, 64.90996733956399, 65.04466643004035, 65.17929400906168, 65.31384720889832, 65.44832310776926, 65.58271872849971, 65.71703103714094, 65.85125694154955, 65.98539328992639, 66.11943686931316, 66.25338440404539, 66.38723255416099, 66.52097791376242, 66.6546170093317, 66.78814629799605, 66.92156216574371, 67.05486092558749, 67.18803881567509, 67.32109199734445, 67.45401655312244, 67.58680848466523, 67.71946371063893, 67.85197806453823, 67.98434729244165, 68.1165670507017, 68.2486329035675, 68.38054032073853, 68.51228467484732, 68.64386123886912, 68.77526518345668, 68.90649157419767, 69.03753536879323, 69.16839141415514, 69.2990544434195, 69.429519072875, 69.55977979880309, 69.68983099422857, 69.81966690557742, 69.9492816492407, 70.07866920804116, 70.20782342760123, 70.3367380126096, 70.4654065229843, 70.59382236993005, 70.7219788118879, 70.84986895037443, 70.97748572570913, 71.10482191262749, 71.23187011577762, 71.35862276509923, 71.48507211108245, 71.61121021990509, 71.73702896844704, 71.86252003918014, 71.9876749149323, 72.11248487352518, 72.23694098228431, 72.36103409242146, 72.48475483328887, 72.6080936065052, 72.7310405799544, 72.85358568165744, 72.9757185935188, 73.09742874494934, 73.21870530636764, 73.3395371825829, 73.45991300606298, 73.5798211300914, 73.69924962181878, 73.81818625521375, 73.93661850392101, 74.05453353403323, 74.171918196786, 74.28875902118544, 74.4050422065797, 74.52075361518642, 74.63587876459034, 74.75040282022582, 74.86431058786162, 74.9775865061065
[51], 57.09328732006465, 57.22877384227683, 57.364295857364894, 57.499852237422694, 57.635441839341425, 57.771063504523816, 57.90671605859147, 58.04239831108488, 58.17810905515601, 58.313847067253114, 58.4496111067979, 58.5853999158543, 58.72121221878914, 58.857046721923986, 58.9929021131785, 59.128777061704376, 59.264670217510194, 59.400580211076495, 59.536505652961054, 59.67244513339404, 59.808397221862634, 59.9443604666848, 60.08033339457213, 60.21631451018126, 60.352302295653374, 60.488295210141885, 60.624291689327485, 60.760290144920425, 60.896288964149576, 61.03228650923805, 61.168281116864705, 61.304271097611334, 61.440254735394845, 61.57623028688456, 61.712195980903296, 61.84815001781268, 61.98409056888148, 62.12001577563687, 62.25592374919812, 62.3918125695917, 62.52768028504798, 62.6635249112783, 62.799344430732155, 62.93513679183389, 63.07089990819818, 63.20663165782359, 63.342329882263826, 63.47799238577555, 63.61361693444256, 63.74920125527511, 63.88474303528404, 64.02023992052855, 64.15568951513725, 64.29108938030105, 64.42643703323776, 64.56172994612703, 64.69696554501454, 64.83214120868531, 64.96725426750425, 65.10230200222348, 65.23728164275526, 65.37219036690942, 65.50702529909435, 65.64178350898004, 65.7764620101226, 65.91105775854848, 66.04556765129752, 66.17998852492343, 66.31431715395037, 66.44855024928434, 66.58268445657794, 66.7167163545472, 66.8506424532387, 66.9844591922459, 67.11816293887274, 67.25174998624313, 67.38521655135473, 67.51855877307516, 67.65177271007882, 67.78485433872316, 67.91779955086163, 68.05060415159241, 68.18326385694024, 68.31577429146984, 68.44813098582888, 68.58032937421812, 68.71236479178724, 68.8442324719535, 68.97592754364172, 69.10744502844292, 69.23877983768956, 69.36992676944502, 69.50088050540508, 69.63163560770894, 69.76218651565748, 69.89252754233614, 70.02265287114048, 70.1525565522011, 70.28223249870662, 70.41167448312103, 70.54087613329375, 70.66983092845987, 70.79853219512755, 70.92697310285081, 71.05514665988508, 71.18304570872279, 71.31066292150746, 71.4379907953234, 71.56502164735909, 71.69174760994257, 71.81816062544615, 71.9442524410595, 72.07001460342896, 72.19543845316177, 72.32051511919437, 72.4452355130229, 72.56959032279627, 72.69357000727076, 72.81716478962595, 72.94036465114289, 73.06315932474473, 73.18553828840106, 73.30749075839792, 73.42900568247549, 73.55007173283651, 73.67067729902882, 73.79081048070647, 73.91045908027456, 74.02961059542373, 74.14825221156131, 74.26637079414716, 74.38395288094345, 74.50098467418874, 74.61745203270812, 74.73334046397254, 74.84863511612222, 74.9633207699705, 75.07738183100595
[52], 57.13435789275888, 57.27005158495901, 57.40578241656102, 57.54154927886689, 57.677351048261414, 57.81318658593109, 57.949054737576596, 58.08495433311748, 58.22088418638991, 58.35684309483668, 58.4928298391894, 58.628843183142706, 58.76488187302021, 58.90094463743189, 59.03703018692289, 59.17313721361319, 59.30926439082806, 59.445410372719046, 59.581573793875044, 59.71775326892354, 59.85394739212112, 59.99015473693361, 60.12637385560507, 60.262603278715446, 60.39884151472665, 60.53508704951665, 60.671338345901084, 60.80759384314229, 60.94385195644517, 61.08011107643949, 61.216369568648396, 61.35262577294274, 61.488878002980165, 61.62512454562954, 61.761363660379516, 61.897593578730934, 62.03381250357263, 62.170018608540204, 62.30621003735705, 62.4423849031572, 62.578541287789534, 62.71467724110267, 62.85079078020977, 62.98687988873299, 63.12294251602684, 63.25897657637954, 63.39497994819206, 63.53095047313391, 63.66688595527514, 63.802784160193475, 63.93864281405641, 64.0744596026767, 64.21023217054132, 64.34595811981202, 64.48163500929763, 64.61726035339653, 64.75283162100867, 64.88834623441583, 65.02380156812985, 65.15919494770692, 65.29452364852756, 65.42978489454076, 65.56497585697166, 65.70009365299092, 65.8351353443453, 65.97009793594776, 66.10497837442594, 66.23977354662783, 66.37448027808303, 66.50909533141855, 66.64361540472743, 66.77803712988874, 66.9123570708379, 67.0465717217848, 67.18067750537925, 67.31467077082121, 67.44854779191462, 67.58230476506291, 67.71593780720428, 67.84944295368516, 67.98281615606983, 68.11605327988408, 68.24915010229137, 68.38210230969881, 68.51490549529157, 68.64755515649304, 68.78004669234866, 68.91237540083146, 69.04453647606661, 69.17652500547281, 69.30833596681843, 69.43996422518923, 69.57140452986603, 69.7026515111092, 69.83369967684763, 69.96454340926961, 70.09517696131299, 70.22559445305184, 70.35578986797702, 70.48575704916804, 70.61548969535332, 70.74498135685623, 70.87422543142414, 71.00321515993804, 71.13194362199937, 71.26040373139236, 71.38858823141832, 71.51648969009999, 71.64410049525304, 71.7714128494226, 71.89841876468232, 72.02511005729389, 72.15147834222472, 72.27751502752244, 72.4032113085439, 72.5285581620376, 72.65354634007814, 72.77816636385204, 72.90240851729374, 73.02626284057214, 73.14971912342746, 73.27276689835888, 73.39539543366458, 73.51759372633498, 73.63935049480224, 73.76065417154815, 73.8814928955747, 74.00185450474106, 74.12172652797314, 74.24109617735095, 74.35995034008208, 74.47827557036896, 74.59605808118017, 74.71328373593653, 74.82993804012456, 74.9460061328515, 75.06147277835731, 75.17632235750206
[53], 57.17484589328731, 57.31074428872837, 57.44668145750877, 57.58265631011458, 57.718667742402424, 57.85471463532351, 57.99079585464077, 58.126910250638936, 58.263056657827356, 58.399233894635124, 58.53544076309885, 58.67167604854213, 58.80793851924709, 58.94422692611737, 59.08054000233263, 59.21687646299404, 59.35323500476059, 59.489614305476096, 59.626013023786435, 59.76242979874674, 59.898863249418405, 60.03531197445556, 60.17177455168034, 60.30824953764736, 60.444735467196345, 60.58123085299291, 60.71773418505716, 60.85424393027954, 60.99075853192378, 61.127276409116476, 61.26379595632267, 61.400315542807476, 61.53683351208274, 61.673348181338916, 61.809857840861234, 61.94636075342967, 62.082855153702745, 62.21933924758396, 62.35581121157082, 62.49226919208575, 62.62871130478831, 62.7651356338682, 62.90154023131836, 63.03792311618778, 63.174282273812906, 63.31061565502769, 63.44692117535081, 63.58319671415014, 63.719440113783, 63.85564917871199, 63.9918216745955, 64.1279553273518, 64.26404782219639, 64.40009680265109, 64.53609986952503, 64.67205457986516, 64.80795844587679, 64.94380893381233, 65.07960346282742, 65.2153394038034, 65.35101407813531, 65.48662475648379, 65.62216865749038, 65.75764294645442, 65.89304473397068, 66.02837107452667, 66.16361896505762, 66.29878534345869, 66.4338670870522, 66.56886101100918, 66.70376386672314, 66.83857234013516, 66.97328305000812, 67.10789254614895, 67.24239730757704, 67.37679374063708, 67.51107817705486, 67.64524687193342, 67.77929600168908, 67.91322166192391, 68.04701986523372, 68.18068653894919, 68.31421752280805, 68.44760856655616, 68.5808553274755, 68.71395336783645, 68.84689815227262, 68.97968504507504, 69.11230930740453, 69.24476609441811, 69.37705045230872, 69.50915731525431, 69.64108150227432, 69.77281771399056, 69.90436052929029, 70.03570440188776, 70.16684365678265, 70.29777248661122, 70.42848494788838, 70.55897495713704, 70.68923628690219, 70.81926256164644, 70.9490472535243, 71.07858367803195, 71.20786498952985, 71.33688417663464, 71.46563405747818, 71.59410727483004, 71.72229629108104, 71.85019338308491, 71.9777906368553, 72.10507994211571, 72.23205298669937, 72.35870125079765, 72.48501600105352, 72.6109882844993, 72.73660892233626, 72.86186850355445, 72.98675737839243, 73.11126565163475, 73.2353831757477, 73.35909954385296, 73.48240408253909, 73.60528584451264, 73.7277336010894, 73.84973583452893, 73.97128073021426, 74.09235616868116, 74.21294971750112, 74.33304862302363, 74.45263980198415, 74.57170983298556, 74.69024494786218, 74.80823102293576, 74.92565357017641, 75.0424977282807, 75.15874825368262, 75.27438951151416
[54], 57.21474864695863, 57.35084924679124, 57.48699024081283, 57.623170558660185, 57.759389115630626, 57.89564481241101, 58.031936534800145, 58.16826315342382, 58.30462352344314, 58.44101648425504, 58.57744085918526, 58.71389545517366, 58.85037906245144, 58.98689045420972, 59.12342838626004, 59.259991596685765, 59.39657880548451, 59.53318871420126, 59.66982000555186, 59.80647134303674, 59.94314137054419, 60.07982871194345, 60.21653197066686, 60.35324972928095, 60.489980549045924, 60.62672296946362, 60.763475507813084, 60.90023665867367, 61.03700489343544, 61.17377865979589, 61.31055638124328, 61.44733645652591, 61.584117259106435, 61.72089713660166, 61.85767441020648, 61.99444737410222, 62.131214294848355, 62.26797341075721, 62.404722931251406, 62.54146103620319, 62.67818587525518, 62.81489556712194, 62.95158819887186, 63.08826182518859, 63.224914467611605, 63.36154411375475, 63.49814871650292, 63.63472619318513, 63.77127442472416, 63.90779125476149, 64.04427448875683, 64.18072189306163, 64.31713119396547, 64.4535000767146, 64.58982618450185, 64.72610711742672, 64.86234043142487, 64.99852363716607, 65.13465419891942, 65.27072953338492, 65.40674700849027, 65.54270394215166, 65.67859760099776, 65.81442519905518, 65.95018389639442, 66.08587079773531, 66.22148295100996, 66.35701734588267, 66.49247091222448, 66.62784051854177, 66.76312297035685, 66.89831500853907, 67.03341330758515, 67.16841447384668, 67.30331504370336, 67.43811148168022, 67.5728001785066, 67.70737744911575, 67.84183953058258, 67.97618257999754, 68.1104026722752, 68.24449579789444, 68.37845786056934, 68.51228467484732, 68.64597196363302, 68.77951535563547, 68.9129103827359, 69.04615247727376, 69.17923696924886, 69.31215908343624, 69.44491393641192, 69.57749653348623, 69.70990176554223, 69.84212440577636, 69.97415910633813, 70.1060003948664, 70.23764267091867, 70.36908020229083, 70.50030712122387, 70.63131742049447, 70.7621049493866, 70.8926634095404, 71.02298635067535, 71.1530671661844, 71.28289908859598, 71.41247518490009, 71.54178835173556, 71.67083131043536, 71.79959660192604, 71.92807658147886, 72.05626341330917, 72.1841490650206, 72.31172530189188, 72.43898368100275, 72.56591554519659, 72.69251201687734, 72.818763991638, 72.94466213171894, 73.07019685929437, 73.1953583495848, 73.32013652379486, 73.44452104187566, 73.56850129511133, 73.69206639852936, 73.8152051831366, 73.9379061879812, 74.06015765204296, 74.18194750595512, 74.30326336356086, 74.42409251330916, 74.54442190949594, 74.66423816335696, 74.78352753402044, 74.9022759193291, 75.02046884654183, 75.13809146292817, 75.255128526269, 75.37156439528029
[55], 57.25406350518461, 57.39036377862149, 57.52670605350921, 57.663089278592416, 57.79951238856844, 57.93597430382101, 58.07247393014826, 58.20901015848286, 58.34558186460582, 58.48218790885252, 58.61882713581134, 58.75549837401465, 58.89220043562175, 59.0289321160936, 59.165692193859115, 59.30247942997282, 59.43929256776343, 59.576130332473404, 59.71299143088891, 59.84987455095985, 59.986778361410224, 60.123701511337664, 60.26064262980266, 60.397600325406565, 60.53457318585836, 60.671559777529644, 60.80855864499773, 60.94556831057625, 61.082587273832885, 61.219614011094244, 61.356646974936695, 61.49368459366354, 61.630725270767705, 61.76776738437945, 61.90480928669876, 62.041849303412036, 62.17888573309225, 62.3159168465825, 62.45294088636205, 62.589956065894555, 62.72696056895779, 62.863952548954295, 63.00093012820245, 63.137891397207156, 63.274834413909716, 63.41175720291607, 63.548657754702646, 63.68553402479945, 63.82238393294915, 63.959205362241896, 64.09599615822466, 64.23275412798465, 64.36947703920558, 64.50616261919639, 64.64280855389077, 64.77941248681772, 64.91597201804072, 65.05248470306594, 65.18894805171719, 65.32535952697772, 65.46171654379674, 65.59801646786023, 65.7342566143244, 65.87043424651095, 66.00654657456265, 66.14259075405778, 66.27856388458261, 66.41446300825999, 66.55028510823264, 66.68602710710036, 66.8216858653086, 66.95725817948733, 67.09274078073885, 67.2281303328722, 67.36342343058296, 67.49861659757624, 67.63370628463139, 67.76868886760609, 67.9035606453782, 68.03831783772313, 68.17295658312453, 68.3074729365166, 68.44186286695506, 68.57612225521511, 68.71024689131364, 68.8442324719535, 68.97807459788707, 69.11176877119668, 69.24531039248933, 69.37869475800272, 69.51191705662015, 69.64497236679104, 69.77785565335444, 69.91056176426248, 70.04308542720027, 70.1754212461001, 70.30756369754539, 70.43950712706236, 70.57124574529514, 70.70277362406168, 70.83408469228645, 70.96517273180679, 71.09603137304912, 71.22665409057164, 71.35703419846989, 71.4871648456413, 71.61703901090551, 71.74664949797639, 71.87598893028249, 72.005049745632, 72.13382419071885, 72.26230431546651, 72.39048196720564, 72.51834878468286, 72.64589619189678, 72.77311539175876, 72.89999735957504, 73.02653283634778, 73.15271232189274, 73.2785260677707, 73.40396407003168, 73.52901606176968, 73.65367150548724, 73.77791958526937, 73.90174919876587, 74.02514894898394, 74.14810713589092, 74.27061174782985, 74.39265045275017, 74.51421058925769, 74.63527915748772, 74.75584280980794, 74.8758878413575, 74.99540018043056, 75.1143653787148, 75.23276860139536, 75.3505946171382, 75.46782778796741
[56], 57.29278784613216, 57.429285230625084, 57.56582620974238, 57.70240975128451, 57.839034809298106, 57.97570032381537, 58.112405220586915, 58.24914841080788, 58.385928790836715, 58.52274524190722, 58.65959662983277, 58.79648180470322, 58.933399600573715, 59.07034883514546, 59.20732830943835, 59.34433680745475, 59.48137309583456, 59.6184359235012, 59.755524021298235, 59.89263610161628, 60.02977085800999, 60.16692696480478, 60.30410307669304, 60.44129782831942, 60.578509833854945, 60.715737686559535, 60.852979958332604, 60.99023519925148, 61.12750193709699, 61.2647786768662, 61.402063900271614, 61.53935606522639, 61.676653605315536, 61.813954929252, 61.95125842031776, 62.08856243578939, 62.2258653063469, 62.36316533546655, 62.50046079879578, 62.63774994351099, 62.775030987656464, 62.91230211946466, 63.04956149665681, 63.18680724572356, 63.32403746118454, 63.461250204826605, 63.59844350492004, 63.73561535541148, 63.87276371509363, 64.0098865067502, 64.14698161627598, 64.2840468917707, 64.42108014260597, 64.5580791384646, 64.69504160835118, 64.83196523957305, 64.96884767669077, 65.10568652043675, 65.24247932660157, 65.37922360488626, 65.51591681771995, 65.65255637904141, 65.78913965304336, 65.92566395287851, 66.06212653932553, 66.19852461941446, 66.33485534500912, 66.4711158113462, 66.60730305552869, 66.74341405497259, 66.87944572580517, 67.01539492121336, 67.15125842974028, 67.28703297352824, 67.4227152065068, 67.5583017125235, 67.69378900341569, 67.82917351702137, 67.96445161512705, 68.09961958135038, 68.23467361895563, 68.36960984859955, 68.50442430600545, 68.63911293956282, 68.77367160785067, 68.90809607708117, 69.0423820184618, 69.17652500547281, 69.3105205110575, 69.44436390472211, 69.57805044954299, 69.7115752990775, 69.84493349417585, 69.97811995969046, 70.11112950108006, 70.24395680090464, 70.37659641520837, 70.50904276978646, 70.64129015633311, 70.7733327284662, 70.90516449762562, 71.03677932884098, 71.1681709363655, 71.29933287917146, 71.430258556304, 71.56094120208881, 71.69137388119002, 71.82154948351409, 71.95146071895577, 72.08110011198212, 72.21045999605055, 72.33953250785675, 72.46830958140892, 72.59678294192412, 72.72494409954304, 72.85278434285982, 72.98029473226272, 73.10746609308325, 73.23428900854957, 73.3607538125424, 73.4868505821496, 73.61256913001836, 73.73789899650215, 73.8628294416015, 73.98734943669739, 74.11144765607715, 74.23511246825257, 74.35833192707175, 74.48109376262592, 74.60338537195423, 74.72519380954967, 74.84650577767128, 74.96730761646805, 75.0875852939222, 75.20732439562009, 75.32651011436127, 75.4451272396176, 75.5631601468567
[57], 57.33091907537466, 57.46761097680375, 57.60434805144196, 57.74112928608366, 57.87795365406464, 58.014820115006906, 58.15172761455673, 58.288675084116605, 58.42566144056948, 58.562685585996604, 58.69974640738764, 58.836842776343445, 58.97397354877106, 59.11113756457074, 59.24833364731461, 59.38556060391722, 59.52281722429701, 59.660102281028955, 59.79741452898801, 59.934752704982934, 60.07211552738039, 60.2095016957187, 60.34690989031157, 60.4843387718407, 60.62178698093737, 60.759253137752886, 60.89673584151693, 61.03423367008386, 61.17174517946662, 61.309268903357534, 61.44680335263604, 61.584347014862416, 61.72189835375762, 61.85945580866821, 61.99701779401657, 62.13458269873526, 62.27214888568545, 62.40971469105889, 62.54727842376256, 62.68483836478605, 62.822392766550244, 62.95993985223771, 63.09747781510341, 63.23500481776543, 63.37251899147511, 63.51001843536575, 63.647501215679384, 63.784965364970546, 63.92240888128688, 64.05982972732514, 64.19722582956229, 64.33459507736059, 64.4719353220461, 64.60924437595918, 64.74652001147675, 64.88375996000482, 65.02096191094058, 65.1581235106029, 65.29524236113036, 65.43231601934534, 65.56934199558349, 65.70631775248727, 65.84324070376196, 65.9801082128936, 66.11691759182678, 66.25366609960156, 66.3903509409479, 66.52696926483584, 66.66351816298068, 66.79999466830056, 66.93639575332615, 67.07271832855952, 67.20895924078123, 67.34511527130378, 67.48118313416934, 67.61715947429008, 67.75304086552902, 67.88882380871944, 68.02450472962082, 68.16007997680879, 68.29554581949753, 68.43089844529146, 68.56613395786462, 68.70124837456471, 68.8362376239395, 68.97109754318306, 69.1058238754988, 69.24041226737683, 69.37485826578269, 69.50915731525431, 69.64330475490442, 69.77729581532498, 69.91112561539065, 70.04478915895798, 70.17828133145655, 70.31159689636915, 70.44473049159672, 70.5776766257051, 70.71042967404918, 70.84298387477114, 70.97533332466817, 71.10747197492668, 71.23939362671767, 71.3710919266502, 71.5025603620779, 71.63379225625495, 71.76478076333638, 71.8955188632191, 72.02599935621865, 72.15621485757755, 72.28615779180076, 72.41582038681324, 72.54519466793641, 72.67427245167761, 72.80304533932957, 72.93150471037441, 73.05964171568931, 73.18744727054872, 73.31491204741977, 73.44202646854751, 73.56878069832608, 73.69516463545297, 73.82116790486384, 73.94677984944512, 74.0719895215228, 74.19678567412596, 74.32115675202445, 74.44509088254004, 74.56857586613249, 74.6915991667612, 74.81414790202578, 74.93620883308797, 75.05776835438074, 75.17881248310948, 75.29932684855336, 75.41929668117592, 75.53870680155495, 75.65754160914511

lat.Y[58]
0, 16000, 32000, 48000, 64000, 80000, 96000, 112000, 128000, 144000, 160000, 176000, 192000, 208000, 224000, 240000, 256000, 272000, 288000, 304000, 320000, 336000, 352000, 368000, 384000, 400000, 416000, 432000, 448000, 464000, 480000, 496000, 512000, 528000, 544000, 560000, 576000, 592000, 608000, 624000, 640000, 656000, 672000, 688000, 704000, 720000, 736000, 752000, 768000, 784000, 800000, 816000, 832000, 848000, 864000, 880000, 896000, 912000

lat.X[138]
0, 16000, 32000, 48000, 64000, 80000, 96000, 112000, 128000, 144000, 160000, 176000, 192000, 208000, 224000, 240000, 256000, 272000, 288000, 304000, 320000, 336000, 352000, 368000, 384000, 400000, 416000, 432000, 448000, 464000, 480000, 496000, 512000, 528000, 544000, 560000, 576000, 592000, 608000, 624000, 640000, 656000, 672000, 688000, 704000, 720000, 736000, 752000, 768000, 784000, 800000, 816000, 832000, 848000, 864000, 880000, 896000, 912000, 928000, 944000, 960000, 976000, 992000, 1008000, 1024000, 1040000, 1056000, 1072000, 1088000, 1104000, 1120000, 1136000, 1152000, 1168000, 1184000, 1200000, 1216000, 1232000, 1248000, 1264000, 1280000, 1296000, 1312000, 1328000, 1344000, 1360000, 1376000, 1392000, 1408000, 1424000, 1440000, 1456000, 1472000, 1488000, 1504000, 1520000, 1536000, 1552000, 1568000, 1584000, 1600000, 1616000, 1632000, 1648000, 1664000, 1680000, 1696000, 1712000, 1728000, 1744000, 1760000, 1776000, 1792000, 1808000, 1824000, 1840000, 1856000, 1872000, 1888000, 1904000, 1920000, 1936000, 1952000, 1968000, 1984000, 2000000, 2016000, 2032000, 2048000, 2064000, 2080000, 2096000, 2112000, 2128000, 2144000, 2160000, 2176000, 2192000


